TRUNCATE TABLE public.attachments RESTART IDENTITY CASCADE;
TRUNCATE TABLE public.progress_reports RESTART IDENTITY CASCADE;
TRUNCATE TABLE public.projects RESTART IDENTITY CASCADE;
TRUNCATE TABLE public.subtasks RESTART IDENTITY CASCADE;
TRUNCATE TABLE public.task_comments RESTART IDENTITY CASCADE;
TRUNCATE TABLE public.tasks RESTART IDENTITY CASCADE;
TRUNCATE TABLE public.team_members RESTART IDENTITY CASCADE;
TRUNCATE TABLE public.teams RESTART IDENTITY CASCADE;
TRUNCATE TABLE public.time_entries RESTART IDENTITY CASCADE;
TRUNCATE TABLE public.users RESTART IDENTITY CASCADE;


INSERT INTO users (email, username, full_name, password_hash, role, avatar_url, is_active) VALUES
('admin@company.com', 'admin', 'Администратор Системы', '$2a$10$hashed_password_1', 'admin', 'https://example.com/avatars/admin.jpg', true),
('project.manager@company.com', 'pm_ivanov', 'Иванов Петр Сергеевич', '$2a$10$hashed_password_2', 'manager', 'https://example.com/avatars/pm.jpg', true),
('dev1@company.com', 'alex_dev', 'Александров Алексей', '$2a$10$hashed_password_3', 'developer', 'https://example.com/avatars/alex.jpg', true),
('dev2@company.com', 'maria_dev', 'Маринова Мария', '$2a$10$hashed_password_4', 'developer', 'https://example.com/avatars/maria.jpg', true),
('designer@company.com', 'dmitry_design', 'Дмитриев Дмитрий', '$2a$10$hashed_password_5', 'designer', 'https://example.com/avatars/dmitry.jpg', true),
('qa1@company.com', 'anna_qa', 'Антонова Анна', '$2a$10$hashed_password_6', 'qa', 'https://example.com/avatars/anna.jpg', true),
('analyst@company.com', 'sergey_analyst', 'Сергеев Сергей', '$2a$10$hashed_password_7', 'analyst', 'https://example.com/avatars/sergey.jpg', true),
('dev3@company.com', 'olga_dev', 'Ольгина Ольга', '$2a$10$hashed_password_8', 'developer', 'https://example.com/avatars/olga.jpg', true),
('dev4@company.com', 'maxim_dev', 'Максимов Максим', '$2a$10$hashed_password_9', 'developer', 'https://example.com/avatars/maxim.jpg', true),
('designer2@company.com', 'ekaterina_design', 'Екатеринина Екатерина', '$2a$10$hashed_password_10', 'designer', 'https://example.com/avatars/ekaterina.jpg', true),
('dev5@company.com', 'ivan_dev', 'Иванов Иван', '$2a$10$hashed_password_11', 'developer', 'https://example.com/avatars/ivan.jpg', true),
('qa2@company.com', 'natalia_qa', 'Натальева Наталья', '$2a$10$hashed_password_12', 'qa', 'https://example.com/avatars/natalia.jpg', true),
('dev6@company.com', 'pavel_dev', 'Павлов Павел', '$2a$10$hashed_password_13', 'developer', 'https://example.com/avatars/pavel.jpg', true),
('analyst2@company.com', 'elena_analyst', 'Еленова Елена', '$2a$10$hashed_password_14', 'analyst', 'https://example.com/avatars/elena.jpg', true),
('dev7@company.com', 'artem_dev', 'Артемов Артем', '$2a$10$hashed_password_15', 'developer', 'https://example.com/avatars/artem.jpg', true),
('designer3@company.com', 'svetlana_design', 'Светланова Светлана', '$2a$10$hashed_password_16', 'designer', 'https://example.com/avatars/svetlana.jpg', true),
('dev8@company.com', 'roman_dev', 'Романов Роман', '$2a$10$hashed_password_17', 'developer', 'https://example.com/avatars/roman.jpg', true),
('qa3@company.com', 'alina_qa', 'Алинова Алина', '$2a$10$hashed_password_18', 'qa', 'https://example.com/avatars/alina.jpg', true),
('dev9@company.com', 'mikhail_dev', 'Михайлов Михаил', '$2a$10$hashed_password_19', 'developer', 'https://example.com/avatars/mikhail.jpg', true),
('analyst3@company.com', 'victoria_analyst', 'Викторова Виктория', '$2a$10$hashed_password_20', 'analyst', 'https://example.com/avatars/victoria.jpg', true),
('dev10@company.com', 'andrey_dev', 'Андреев Андрей', '$2a$10$hashed_password_21', 'developer', 'https://example.com/avatars/andrey.jpg', true),
('designer4@company.com', 'daria_design', 'Дарина Дарья', '$2a$10$hashed_password_22', 'designer', 'https://example.com/avatars/daria.jpg', true),
('dev11@company.com', 'alexey_dev', 'Алексеев Алексей', '$2a$10$hashed_password_23', 'developer', 'https://example.com/avatars/alexey.jpg', true),
('qa4@company.com', 'irina_qa', 'Иринова Ирина', '$2a$10$hashed_password_24', 'qa', 'https://example.com/avatars/irina.jpg', true),
('dev12@company.com', 'stanislav_dev', 'Станиславов Станислав', '$2a$10$hashed_password_25', 'developer', 'https://example.com/avatars/stanislav.jpg', true),
('analyst4@company.com', 'valentina_analyst', 'Валентинова Валентина', '$2a$10$hashed_password_26', 'analyst', 'https://example.com/avatars/valentina.jpg', true),
('dev13@company.com', 'vladimir_dev', 'Владимиров Владимир', '$2a$10$hashed_password_27', 'developer', 'https://example.com/avatars/vladimir.jpg', true),
('designer5@company.com', 'yulia_design', 'Юлина Юлия', '$2a$10$hashed_password_28', 'designer', 'https://example.com/avatars/yulia.jpg', true),
('dev14@company.com', 'kirill_dev', 'Кириллов Кирилл', '$2a$10$hashed_password_29', 'developer', 'https://example.com/avatars/kirill.jpg', true),
('qa5@company.com', 'tatyana_qa', 'Татьянова Татьяна', '$2a$10$hashed_password_30', 'qa', 'https://example.com/avatars/tatyana.jpg', true),
('dev15@company.com', 'denis_dev', 'Денисов Денис', '$2a$10$hashed_password_31', 'developer', 'https://example.com/avatars/denis.jpg', true),
('analyst5@company.com', 'larisa_analyst', 'Ларисова Лариса', '$2a$10$hashed_password_32', 'analyst', 'https://example.com/avatars/larisa.jpg', true),
('dev16@company.com', 'grigory_dev', 'Григорьев Григорий', '$2a$10$hashed_password_33', 'developer', 'https://example.com/avatars/grigory.jpg', true),
('designer6@company.com', 'evgeniya_design', 'Евгеньева Евгения', '$2a$10$hashed_password_34', 'designer', 'https://example.com/avatars/evgeniya.jpg', true),
('dev17@company.com', 'anton_dev', 'Антонов Антон', '$2a$10$hashed_password_35', 'developer', 'https://example.com/avatars/anton.jpg', true),
('qa6@company.com', 'vera_qa', 'Верова Вера', '$2a$10$hashed_password_36', 'qa', 'https://example.com/avatars/vera.jpg', true),
('dev18@company.com', 'nikolay_dev', 'Николаев Николай', '$2a$10$hashed_password_37', 'developer', 'https://example.com/avatars/nikolay.jpg', true),
('analyst6@company.com', 'olga2_analyst', 'Ольгова Ольга', '$2a$10$hashed_password_38', 'analyst', 'https://example.com/avatars/olga2.jpg', true),
('dev19@company.com', 'aleksandr_dev', 'Александров Александр', '$2a$10$hashed_password_39', 'developer', 'https://example.com/avatars/aleksandr.jpg', true),
('designer7@company.com', 'marina_design', 'Маринова Марина', '$2a$10$hashed_password_40', 'designer', 'https://example.com/avatars/marina.jpg', true),
('dev20@company.com', 'vadim_dev', 'Вадимов Вадим', '$2a$10$hashed_password_41', 'developer', 'https://example.com/avatars/vadim.jpg', true),
('qa7@company.com', 'ekaterina2_qa', 'Катеринова Екатерина', '$2a$10$hashed_password_42', 'qa', 'https://example.com/avatars/ekaterina2.jpg', true),
('dev21@company.com', 'vyacheslav_dev', 'Вячеславов Вячеслав', '$2a$10$hashed_password_43', 'developer', 'https://example.com/avatars/vyacheslav.jpg', true),
('analyst7@company.com', 'galina_analyst', 'Галинова Галина', '$2a$10$hashed_password_44', 'analyst', 'https://example.com/avatars/galina.jpg', true),
('dev22@company.com', 'yury_dev', 'Юрьев Юрий', '$2a$10$hashed_password_45', 'developer', 'https://example.com/avatars/yury.jpg', true),
('designer8@company.com', 'elizaveta_design', 'Елизаветова Елизавета', '$2a$10$hashed_password_46', 'designer', 'https://example.com/avatars/elizaveta.jpg', true),
('dev23@company.com', 'arkady_dev', 'Аркадьев Аркадий', '$2a$10$hashed_password_47', 'developer', 'https://example.com/avatars/arkady.jpg', true),
('qa8@company.com', 'kseniya_qa', 'Ксеньева Ксения', '$2a$10$hashed_password_48', 'qa', 'https://example.com/avatars/kseniya.jpg', true),
('dev24@company.com', 'anatoly_dev', 'Анатольев Анатолий', '$2a$10$hashed_password_49', 'developer', 'https://example.com/avatars/anatoly.jpg', true),
('analyst8@company.com', 'lyudmila_analyst', 'Людмилова Людмила', '$2a$10$hashed_password_50', 'analyst', 'https://example.com/avatars/lyudmila.jpg', true),
('dev25@company.com', 'leonid_dev', 'Леонидов Леонид', '$2a$10$hashed_password_51', 'developer', 'https://example.com/avatars/leonid.jpg', true),
('designer9@company.com', 'tamara_design', 'Тамарова Тамара', '$2a$10$hashed_password_52', 'designer', 'https://example.com/avatars/tamara.jpg', true),
('dev26@company.com', 'boris_dev', 'Борисов Борис', '$2a$10$hashed_password_53', 'developer', NULL, true),
('qa9@company.com', 'veronika_qa', 'Вероникова Вероника', '$2a$10$hashed_password_54', 'qa', NULL, true),
('analyst9@company.com', 'nadezhda_analyst', 'Надеждина Надежда', '$2a$10$hashed_password_55', 'analyst', NULL, true),
('dev27@company.com', 'fedor_dev', 'Федоров Федор', '$2a$10$hashed_password_56', 'developer', NULL, true),
('designer10@company.com', 'sofia_design', 'Софьева Софья', '$2a$10$hashed_password_57', 'designer', NULL, true),
('dev28@company.com', 'timur_dev', 'Тимуров Тимур', '$2a$10$hashed_password_58', 'developer', NULL, true),
('qa10@company.com', 'polina_qa', 'Полинова Полина', '$2a$10$hashed_password_59', 'qa', NULL, true),
('dev29@company.com', 'rustam_dev', 'Рустамов Рустам', '$2a$10$hashed_password_60', 'developer', NULL, true),
('analyst10@company.com', 'karina_analyst', 'Каринова Карина', '$2a$10$hashed_password_61', 'analyst', NULL, true),
('dev30@company.com', 'ilya_dev', 'Ильин Илья', '$2a$10$hashed_password_62', 'developer', NULL, true),
('designer11@company.com', 'kristina_design', 'Кристинова Кристина', '$2a$10$hashed_password_63', 'designer', NULL, true),
('dev31@company.com', 'egor_dev', 'Егоров Егор', '$2a$10$hashed_password_64', 'developer', NULL, true),
('qa11@company.com', 'diana_qa', 'Дианова Диана', '$2a$10$hashed_password_65', 'qa', NULL, true),
('analyst11@company.com', 'milana_analyst', 'Миланова Милана', '$2a$10$hashed_password_66', 'analyst', NULL, true),
('dev32@company.com', 'konstantin_dev', 'Константинов Константин', '$2a$10$hashed_password_67', 'developer', NULL, true),
('designer12@company.com', 'arina_design', 'Аринова Арина', '$2a$10$hashed_password_68', 'designer', NULL, true),
('dev33@company.com', 'vitaly_dev', 'Витальев Виталий', '$2a$10$hashed_password_69', 'developer', NULL, true),
('qa12@company.com', 'angelina_qa', 'Ангелинова Ангелина', '$2a$10$hashed_password_70', 'qa', NULL, true);

INSERT INTO teams (name, description, owner_id) VALUES
('Команда разработки', 'Основная команда разработчиков', 1),
('Команда дизайна', 'UI/UX дизайнеры и иллюстраторы', 5),
('QA команда', 'Тестировщики и инженеры по качеству', 6),
('Команда аналитики', 'Бизнес и системные аналитики', 7),
('Мобильная разработка', 'iOS и Android разработка', 9),
('Фронтенд команда', 'JavaScript и веб-разработка', 3),
('Бэкенд команда', 'Серверная разработка и API', 4),
('DevOps команда', 'Инфраструктура и развертывание', 15),
('Команда маркетинга', 'Продвижение и аналитика', 20),
('Команда поддержки', 'Техническая поддержка пользователей', 25),
('Команда управления', 'Менеджеры проектов и продуктов', 2),
('Команда данных', 'Data Science и аналитика', 14),
('Команда безопасности', 'Информационная безопасность', 31),
('Команда исследований', 'Исследование и разработка', 22),
('Административная команда', 'Администраторы и HR', 1);

INSERT INTO team_members (team_id, user_id, role) VALUES
(1, 1, 'owner'), (1, 3, 'lead'), (1, 4, 'member'), (1, 8, 'member'), (1, 9, 'member'), (1, 11, 'member'), (1, 13, 'member'), (1, 15, 'member'), (1, 17, 'member'), (1, 19, 'member'),
(2, 5, 'owner'), (2, 10, 'member'), (2, 16, 'member'), (2, 22, 'member'), (2, 28, 'member'), (2, 34, 'member'), (2, 40, 'member'), (2, 46, 'member'), (2, 52, 'member'), (2, 57, 'member'),
(3, 6, 'owner'), (3, 12, 'member'), (3, 18, 'member'), (3, 24, 'member'), (3, 30, 'member'), (3, 36, 'member'), (3, 42, 'member'), (3, 48, 'member'), (3, 54, 'member'), (3, 59, 'member'),
(4, 7, 'owner'), (4, 14, 'member'), (4, 20, 'member'), (4, 26, 'member'), (4, 32, 'member'), (4, 38, 'member'), (4, 44, 'member'), (4, 50, 'member'), (4, 55, 'member'), (4, 61, 'member'),
(5, 9, 'owner'), (5, 19, 'member'), (5, 29, 'member'), (5, 39, 'member'), (5, 49, 'member'), (5, 56, 'member'), (5, 62, 'member'), (5, 64, 'member'), (5, 66, 'member'), (5, 68, 'member'),
(6, 3, 'owner'), (6, 13, 'member'), (6, 23, 'member'), (6, 33, 'member'), (6, 43, 'member'), (6, 53, 'member'), (6, 58, 'member'), (6, 63, 'member'), (6, 67, 'member'), (6, 69, 'member'),
(7, 4, 'owner'), (7, 11, 'member'), (7, 21, 'member'), (7, 31, 'member'), (7, 41, 'member'), (7, 51, 'member'), (7, 56, 'member'), (7, 60, 'member'), (7, 65, 'member'), (7, 70, 'member'),
(8, 15, 'owner'), (8, 25, 'member'), (8, 35, 'member'), (8, 45, 'member'), (8, 52, 'member'), (8, 57, 'member'), (8, 62, 'member'), (8, 67, 'member'),
(9, 20, 'owner'), (9, 30, 'member'), (9, 40, 'member'), (9, 50, 'member'), (9, 55, 'member'), (9, 60, 'member'), (9, 65, 'member'),
(10, 25, 'owner'), (10, 35, 'member'), (10, 45, 'member'), (10, 52, 'member'), (10, 57, 'member'), (10, 62, 'member'),
(11, 2, 'owner'), (11, 12, 'member'), (11, 22, 'member'), (11, 32, 'member'), (11, 42, 'member'), (11, 52, 'member'),
(12, 14, 'owner'), (12, 24, 'member'), (12, 34, 'member'), (12, 44, 'member'), (12, 54, 'member'), (12, 64, 'member'),
(13, 31, 'owner'), (13, 41, 'member'), (13, 51, 'member'), (13, 61, 'member'), (13, 66, 'member'),
(14, 22, 'owner'), (14, 32, 'member'), (14, 42, 'member'), (14, 52, 'member'), (14, 62, 'member'),
(15, 1, 'owner'), (15, 11, 'member'), (15, 21, 'member'), (15, 31, 'member'), (15, 41, 'member');

INSERT INTO projects (id, name, description, team_id, manager_id, status, start_date, deadline) VALUES
(1, 'Разработка корпоративного сайта', 'Создание современного корпоративного сайта с CMS', 1, 2, 'completed', '2024-09-01', '2024-12-15'),
(2, 'Мобильное приложение для заказа еды', 'iOS/Android приложение для доставки еды', 5, 9, 'completed', '2024-08-15', '2024-11-30'),
(3, 'Система электронного документооборота', 'Автоматизация workflow документов в компании', 7, 4, 'completed', '2024-10-01', '2025-01-31'),
(4, 'Интеграция с платежными системами', 'Подключение Stripe, PayPal, Сбербанк Онлайн', 1, 3, 'completed', '2024-07-20', '2024-10-10'),
(5, 'Обновление CRM системы', 'Модернизация и добавление новых модулей в CRM', 1, 2, 'active', '2024-12-01', '2025-04-30'),
(6, 'Разработка личного кабинета клиента', 'Веб-интерфейс для самообслуживания клиентов', 6, 3, 'active', '2024-11-15', '2025-03-15'),
(7, 'Модернизация API', 'Рефакторинг и улучшение существующего API', 7, 4, 'active', '2025-01-10', '2025-06-20'),
(8, 'Дашборд аналитики для менеджеров', 'Панель управления с KPI и метриками', 4, 7, 'active', '2025-01-05', '2025-05-15'),
(9, 'Автоматизация тестирования', 'Внедрение CI/CD и автотестов', 3, 6, 'active', '2024-12-10', '2025-04-05'),
(10, 'Миграция на новую версию фреймворка', 'Обновление React с 17 на 18 версию', 6, 3, 'active', '2025-01-20', '2025-07-10'),
(11, 'Система бронирования переговорных', 'Онлайн-бронирование помещений в офисе', 1, 2, 'active', '2024-11-01', '2025-02-28'),
(12, 'Чат поддержки клиентов', 'Live-chat с интеграцией в CRM', 10, 25, 'active', '2025-01-15', '2025-05-30'),
(13, 'Модуль email рассылок', 'Система массовых рассылок и аналитики', 9, 20, 'active', '2024-12-20', '2025-03-31'),
(14, 'Оптимизация производительности сайта', 'Ускорение загрузки и улучшение Core Web Vitals', 1, 3, 'active', '2025-01-05', '2025-03-20'),
(15, 'Мобильное приложение для сотрудников', 'Внутреннее приложение для HR и задач', 5, 19, 'active', '2024-11-30', '2025-05-15'),
(16, 'Система контроля версий для дизайнов', 'Хранение и управление файлами дизайнеров', 2, 5, 'active', '2025-01-10', '2025-04-25'),
(17, 'Внедрение искусственного интеллекта для чатов', 'AI-ассистент для автоматизации ответов', 10, 25, 'planning', '2025-04-01', '2025-09-30'),
(18, 'Разработка мобильного кошелька', 'Крипто-кошелек с поддержкой NFT', 5, 9, 'planning', '2025-03-15', '2025-10-31'),
(19, 'Обновление инфраструктуры на микросервисы', 'Разделение монолита на микросервисы', 7, 4, 'planning', '2025-05-01', '2025-12-15'),
(20, 'Система геймификации для клиентов', 'Программа лояльности с игровыми механиками', 1, 2, 'planning', '2025-04-10', '2025-08-20');

INSERT INTO tasks (id, title, description, project_id, status, priority, assignee_id, reporter_id, estimated_hours, actual_hours, due_date) VALUES
(1, 'Дизайн макетов главной страницы', 'Создание дизайна в Figma с адаптацией под мобильные', 1, 'completed', 'high', 5, 2, 24, 28, '2024-09-15'),
(2, 'Верстка HTML/CSS', 'Адаптивная верстка по макетам дизайнера', 1, 'completed', 'high', 13, 5, 40, 45, '2024-10-10'),
(3, 'Интеграция с WordPress', 'Настройка тем и плагинов', 1, 'completed', 'medium', 8, 2, 20, 22, '2024-10-25'),
(4, 'Написание контента', 'Подготовка текстов для всех страниц', 1, 'completed', 'medium', 25, 2, 16, 18, '2024-11-05'),
(5, 'Тестирование и деплой', 'Финальное тестирование и запуск на продакшен', 1, 'completed', 'high', 12, 6, 12, 14, '2024-12-10'),
(6, 'Прототипирование интерфейса', 'Прототипы основных экранов приложения', 2, 'completed', 'high', 10, 9, 20, 22, '2024-08-30'),
(7, 'Разработка iOS версии', 'Нативная разработка на Swift', 2, 'completed', 'high', 19, 9, 120, 135, '2024-10-15'),
(8, 'Разработка Android версии', 'Нативная разработка на Kotlin', 2, 'completed', 'high', 29, 19, 110, 125, '2024-10-10'),
(9, 'Бэкенд API для приложения', 'REST API для мобильных приложений', 2, 'completed', 'high', 4, 9, 80, 90, '2024-09-30'),
(10, 'Тестирование и публикация', 'Тестирование и загрузка в магазины приложений', 2, 'completed', 'high', 12, 6, 40, 45, '2024-11-25'),
(11, 'Анализ текущей CRM', 'Исследование проблем и сбор требований', 5, 'completed', 'medium', 7, 2, 16, 18, '2024-12-10'),
(12, 'Проектирование новых модулей', 'Архитектура и схемы новых функций', 5, 'completed', 'high', 4, 2, 24, 26, '2024-12-20'),
(13, 'Разработка модуля отчетности', 'Новая система отчетов для менеджеров', 5, 'in_progress', 'high', 3, 4, 60, 35, '2025-02-15'),
(14, 'Интеграция с email рассылками', 'Подключение к Mailchimp API', 5, 'in_progress', 'medium', 8, 3, 30, 15, '2025-03-01'),
(15, 'Модернизация интерфейса', 'Обновление UI/UX согласно новому дизайну', 5, 'todo', 'medium', 13, 3, 45, NULL, '2025-03-20'),
(16, 'Миграция данных', 'Перенос старых данных в новую структуру', 5, 'todo', 'high', 11, 4, 40, NULL, '2025-04-10'),
(17, 'Тестирование новой версии', 'Полное тестирование всех модулей', 5, 'todo', 'medium', 12, 6, 50, NULL, '2025-04-25'),
(18, 'Прототип личного кабинета', 'Wireframes и user flow', 6, 'completed', 'medium', 5, 3, 20, 22, '2024-11-30'),
(19, 'Дизайн интерфейса', 'Визуальный дизайн всех экранов', 6, 'completed', 'high', 10, 5, 32, 35, '2024-12-15'),
(20, 'Фронтенд разработка', 'Реализация на React + TypeScript', 6, 'in_progress', 'high', 23, 13, 120, 65, '2025-02-28'),
(21, 'Бэкенд для личного кабинета', 'API endpoints для фронтенда', 6, 'in_progress', 'high', 21, 4, 80, 45, '2025-02-15'),
(22, 'Интеграция с платежной системой', 'Подключение эквайринга', 6, 'todo', 'medium', 11, 21, 25, NULL, '2025-03-10'),
(23, 'Настройка безопасности', '2FA, защита от атак', 6, 'todo', 'high', 31, 4, 30, NULL, '2025-03-25'),
(24, 'Аудит текущего API', 'Анализ производительности и проблем', 7, 'completed', 'medium', 4, 4, 20, 22, '2025-01-25'),
(25, 'Рефакторинг авторизации', 'Переход на JWT и улучшение безопасности', 7, 'in_progress', 'high', 21, 4, 35, 20, '2025-03-05'),
(26, 'Оптимизация запросов к БД', 'Добавление индексов и кэширования', 7, 'in_progress', 'high', 11, 4, 40, 25, '2025-03-20'),
(27, 'Документация API', 'Обновление Swagger и примеров', 7, 'todo', 'low', 31, 4, 25, NULL, '2025-05-15'),
(28, 'Создание SDK для клиентов', 'Библиотеки для популярных языков', 7, 'todo', 'medium', 41, 4, 60, NULL, '2025-06-10'),
(29, 'Сбор требований от отделов', 'Интервью с менеджерами о нужных метриках', 8, 'completed', 'medium', 14, 7, 15, 16, '2025-01-20'),
(30, 'Проектирование дашборда', 'Архитектура и выбор технологий', 8, 'completed', 'high', 20, 14, 25, 28, '2025-02-05'),
(31, 'Разработка виджетов', 'Создание компонентов графиков и таблиц', 8, 'in_progress', 'high', 26, 20, 50, 30, '2025-03-15'),
(32, 'Интеграция с источниками данных', 'Подключение к БД и внешним API', 8, 'in_progress', 'medium', 32, 14, 35, 20, '2025-03-01'),
(33, 'Настройка алертов', 'Система уведомлений при аномалиях', 8, 'todo', 'medium', 38, 20, 20, NULL, '2025-04-10'),
(34, 'Обучение пользователей', 'Демо-сессии и документация', 8, 'todo', 'low', 44, 26, 15, NULL, '2025-05-05'),
(35, 'Выбор инструментов тестирования', 'Сравнение Jest, Cypress, Playwright', 9, 'completed', 'medium', 12, 6, 10, 11, '2024-12-20'),
(36, 'Настройка CI/CD пайплайна', 'Интеграция с GitLab CI', 9, 'completed', 'high', 18, 12, 25, 28, '2025-01-10'),
(37, 'Написание unit тестов', 'Покрытие основных модулей', 9, 'in_progress', 'high', 24, 18, 80, 45, '2025-02-20'),
(38, 'Создание e2e тестов', 'Тесты критичных пользовательских сценариев', 9, 'in_progress', 'medium', 30, 12, 60, 35, '2025-03-05'),
(39, 'Интеграция тестов в деплой', 'Автоматический запуск тестов', 9, 'todo', 'medium', 36, 18, 20, NULL, '2025-03-25'),
(40, 'Мониторинг покрытия кода', 'Настройка отчетов и метрик', 9, 'todo', 'low', 42, 24, 15, NULL, '2025-04-05'),
(41, 'Анализ breaking changes', 'Изучение изменений в React 18', 10, 'completed', 'medium', 13, 3, 12, 14, '2025-01-30'),
(42, 'Создание плана миграции', 'Поэтапный план обновления', 10, 'completed', 'high', 23, 13, 16, 18, '2025-02-10'),
(43, 'Обновление зависимостей', 'Поочередное обновление пакетов', 10, 'in_progress', 'high', 33, 23, 40, 25, '2025-03-20'),
(44, 'Рефакторинг под Concurrent Features', 'Адаптация под новые возможности React', 10, 'in_progress', 'medium', 43, 13, 60, 35, '2025-04-15'),
(45, 'Тестирование после миграции', 'Проверка совместимости и производительности', 10, 'todo', 'high', 53, 23, 35, NULL, '2025-06-05'),
(46, 'Деплой обновленной версии', 'Постепенный rollout на продакшен', 10, 'todo', 'high', 58, 33, 20, NULL, '2025-07-01'),
(47, 'Исследование AI решений', 'Анализ готовых решений и API', 17, 'todo', 'medium', 7, 25, 20, NULL, '2025-04-15'),
(48, 'Проектирование архитектуры', 'Схема интеграции с текущей системой', 17, 'todo', 'high', 14, 7, 30, NULL, '2025-05-10'),
(49, 'Сбор тренировочных данных', 'Подготовка датасета для обучения', 17, 'todo', 'high', 20, 14, 40, NULL, '2025-06-01'),
(50, 'Разработка AI модуля', 'Создание и обучение модели', 17, 'todo', 'high', 26, 20, 120, NULL, '2025-08-15'),
(51, 'Интеграция с чатом', 'Подключение AI к системе поддержки', 17, 'todo', 'medium', 32, 26, 45, NULL, '2025-09-10'),
(52, 'Тестирование и калибровка', 'Настройка точности ответов', 17, 'todo', 'medium', 38, 20, 30, NULL, '2025-09-20'),
(53, 'Исследование блокчейн технологий', 'Анализ платформ и протоколов', 18, 'todo', 'high', 19, 9, 35, NULL, '2025-04-01'),
(54, 'Проектирование безопасности', 'Архитектура защиты ключей и транзакций', 18, 'todo', 'high', 29, 19, 45, NULL, '2025-05-05'),
(55, 'Разработка iOS кошелька', 'Нативное приложение для iOS', 18, 'todo', 'high', 39, 29, 150, NULL, '2025-08-20'),
(56, 'Разработка Android кошелька', 'Нативное приложение для Android', 18, 'todo', 'high', 49, 19, 140, NULL, '2025-08-15'),
(57, 'Создание веб-интерфейса', 'Управление кошельком через браузер', 18, 'todo', 'medium', 23, 13, 80, NULL, '2025-09-30'),
(58, 'Интеграция с биржами', 'Подключение API криптобирж', 18, 'todo', 'medium', 11, 4, 60, NULL, '2025-10-20'),
(59, 'Оптимизация загрузки изображений', 'Внедрение lazy loading и WebP', 14, 'in_progress', 'medium', 23, 3, 25, 15, '2025-02-28'),
(60, 'Кэширование на стороне клиента', 'Настройка service workers', 14, 'in_progress', 'medium', 33, 23, 20, 12, '2025-03-10'),
(61, 'Анализ метрик скорости', 'Google Lighthouse и Core Web Vitals', 14, 'completed', 'low', 13, 3, 8, 9, '2025-01-20'),
(62, 'Сжатие JavaScript и CSS', 'Минификация и tree shaking', 14, 'todo', 'medium', 43, 13, 15, NULL, '2025-03-25'),
(63, 'Дизайн интерфейса бронирования', 'Макеты для календаря и форм', 11, 'completed', 'medium', 10, 2, 18, 20, '2024-11-20'),
(64, 'Разработка модуля календаря', 'Интерактивный календарь доступности', 11, 'in_progress', 'high', 23, 13, 40, 25, '2025-01-30'),
(65, 'Интеграция с Google Calendar', 'Синхронизация с календарями сотрудников', 11, 'in_progress', 'medium', 8, 23, 25, 15, '2025-02-15'),
(66, 'Система уведомлений', 'Email и push-уведомления о бронировании', 11, 'todo', 'medium', 33, 8, 20, NULL, '2025-02-28'),
(67, 'Выбор платформы для чата', 'Сравнение решений для live-chat', 12, 'completed', 'medium', 25, 25, 12, 14, '2025-01-30'),
(68, 'Настройка чат-виджета', 'Кастомизация и интеграция на сайт', 12, 'in_progress', 'high', 35, 25, 25, 15, '2025-03-01'),
(69, 'Подключение операторов', 'Настройка рабочего места поддержки', 12, 'in_progress', 'medium', 45, 35, 20, 12, '2025-03-10'),
(70, 'Интеграция с тикет-системой', 'Связь с Jira Service Desk', 12, 'todo', 'medium', 52, 25, 30, NULL, '2025-04-15'),
(71, 'Настройка SMTP сервера', 'Конфигурация почтового сервера', 13, 'completed', 'medium', 20, 20, 10, 12, '2025-01-10'),
(72, 'Создание шаблонов писем', 'HTML шаблоны для рассылок', 13, 'in_progress', 'medium', 30, 20, 25, 15, '2025-02-20'),
(73, 'Разработка редактора писем', 'WYSIWYG редактор для маркетологов', 13, 'in_progress', 'high', 40, 30, 45, 25, '2025-03-15'),
(74, 'Аналитика открытий и кликов', 'Система отслеживания эффективности', 13, 'todo', 'medium', 50, 20, 30, NULL, '2025-03-31'),
(75, 'Дизайн HR модуля', 'Интерфейс для управления отпусками', 15, 'completed', 'medium', 16, 19, 20, 22, '2024-12-20'),
(76, 'Разработка iOS приложения', 'Нативное приложение для сотрудников', 15, 'in_progress', 'high', 29, 19, 100, 60, '2025-03-01'),
(77, 'Разработка Android приложения', 'Нативное приложение для Android', 15, 'in_progress', 'high', 39, 29, 95, 55, '2025-03-05'),
(78, 'Интеграция с Active Directory', 'Синхронизация пользователей', 15, 'todo', 'medium', 49, 19, 35, NULL, '2025-04-20'),
(79, 'Настройка Figma организации', 'Создание team library и компонентов', 16, 'completed', 'low', 22, 5, 8, 9, '2025-01-20'),
(80, 'Интеграция с GitHub', 'Автоматический экспорт дизайнов', 16, 'in_progress', 'medium', 28, 5, 25, 15, '2025-03-05'),
(81, 'Разработка системы ревью', 'Инструмент для проверки дизайнов', 16, 'in_progress', 'high', 34, 22, 40, 25, '2025-03-25'),
(82, 'Миграция старых файлов', 'Перенос архивных дизайнов в систему', 16, 'todo', 'low', 40, 28, 30, NULL, '2025-04-20'),
(83, 'Анализ документооборота', 'Изучение текущих процессов', 3, 'completed', 'medium', 4, 4, 20, 22, '2024-10-15'),
(84, 'Разработка workflow движка', 'Система маршрутизации документов', 3, 'completed', 'high', 11, 4, 80, 90, '2024-11-30'),
(85, 'Интеграция с электронной подписью', 'Подключение КЭП и УКЭП', 3, 'completed', 'high', 21, 11, 45, 50, '2024-12-20'),
(86, 'Обучение сотрудников', 'Тренинги по работе с системой', 3, 'completed', 'low', 31, 4, 25, 28, '2025-01-25'),
(87, 'Исследование платежных систем', 'Анализ комиссий и условий', 4, 'completed', 'medium', 7, 3, 12, 14, '2024-07-30'),
(88, 'Интеграция со Stripe', 'Подключение международных платежей', 4, 'completed', 'high', 4, 3, 35, 40, '2024-09-05'),
(89, 'Интеграция с PayPal', 'Подключение альтернативного способа оплаты', 4, 'completed', 'high', 11, 4, 30, 35, '2024-09-20'),
(90, 'Подключение Сбербанк Онлайн', 'Интеграция с российским эквайрингом', 4, 'completed', 'high', 21, 4, 25, 30, '2024-10-01'),
(91, 'Тестирование платежей', 'Проверка всех сценариев оплаты', 4, 'completed', 'medium', 12, 6, 20, 22, '2024-10-05'),
(92, 'Анализ монолитной архитектуры', 'Выявление модулей для выделения', 19, 'todo', 'high', 4, 4, 40, NULL, '2025-05-20'),
(93, 'Проектирование микросервисов', 'Определение границ и контрактов', 19, 'todo', 'high', 11, 4, 60, NULL, '2025-06-30'),
(94, 'Разработка сервиса аутентификации', 'Выделение auth в отдельный микросервис', 19, 'todo', 'high', 21, 11, 80, NULL, '2025-08-15'),
(95, 'Настройка Kubernetes кластера', 'Инфраструктура для микросервисов', 19, 'todo', 'high', 31, 4, 50, NULL, '2025-09-10'),
(96, 'Исследование игровых механик', 'Анализ успешных систем геймификации', 20, 'todo', 'medium', 5, 2, 25, NULL, '2025-04-25'),
(97, 'Проектирование системы баллов', 'Механика начисления и списания баллов', 20, 'todo', 'high', 10, 5, 35, NULL, '2025-05-20'),
(98, 'Разработка модуля достижений', 'Система бейджей и наград', 20, 'todo', 'medium', 16, 10, 45, NULL, '2025-07-10'),
(99, 'Интеграция с CRM', 'Связь системы лояльности с клиентами', 20, 'todo', 'high', 22, 5, 30, NULL, '2025-07-25'),
(100, 'Тестирование мотивации', 'А/Б тестирование игровых механик', 20, 'todo', 'medium', 28, 10, 25, NULL, '2025-08-15');

INSERT INTO subtasks (id, title, task_id, is_completed, assignee_id, due_date) VALUES
(1, 'Создание mood board и концепции', 1, true, 5, '2024-09-05'),
(2, 'Дизайн десктоп версии', 1, true, 10, '2024-09-10'),
(3, 'Адаптация под мобильные', 1, true, 16, '2024-09-12'),
(4, 'Согласование с заказчиком', 1, true, 2, '2024-09-15'),
(5, 'Верстка header и навигации', 2, true, 13, '2024-09-25'),
(6, 'Верстка hero секции', 2, true, 23, '2024-09-28'),
(7, 'Верстка футера', 2, true, 33, '2024-10-01'),
(8, 'Адаптив под планшеты', 2, true, 13, '2024-10-03'),
(9, 'Кроссбраузерное тестирование', 2, true, 12, '2024-10-05'),
(10, 'Установка WordPress', 3, true, 8, '2024-10-15'),
(11, 'Настройка тем и плагинов', 3, true, 8, '2024-10-18'),
(12, 'Интеграция верстки', 3, true, 13, '2024-10-20'),
(13, 'Настройка SEO плагинов', 3, true, 8, '2024-10-22'),
(14, 'Интервью с менеджерами по продажам', 11, true, 7, '2024-12-03'),
(15, 'Анализ проблем текущей CRM', 11, true, 14, '2024-12-05'),
(16, 'Сбор требований от отдела поддержки', 11, true, 20, '2024-12-08'),
(17, 'Подготовка отчета по анализу', 11, true, 7, '2024-12-10'),
(18, 'Проектирование схемы отчетов', 13, true, 3, '2025-01-10'),
(19, 'Разработка SQL запросов для отчетов', 13, true, 4, '2025-01-20'),
(20, 'Создание API для получения данных', 13, false, 3, '2025-02-01'),
(21, 'Разработка фронтенда для отчетов', 13, false, 13, '2025-02-10'),
(22, 'Настройка планировщика генерации', 13, false, 8, '2025-02-15'),
(23, 'Изучение Mailchimp API', 14, true, 8, '2025-01-25'),
(24, 'Создание интеграционного модуля', 14, true, 21, '2025-02-05'),
(25, 'Настройка синхронизации контактов', 14, false, 8, '2025-02-20'),
(26, 'Тестирование отправки рассылок', 14, false, 12, '2025-02-25'),
(27, 'Анализ текущего UI/UX', 15, false, 5, '2025-02-25'),
(28, 'Создание нового дизайна', 15, false, 10, '2025-03-05'),
(29, 'Разработка компонентов', 15, false, 13, '2025-03-10'),
(30, 'Интеграция в существующий интерфейс', 15, false, 23, '2025-03-15'),
(31, 'Разработка компонента авторизации', 20, true, 23, '2025-01-20'),
(32, 'Создание dashboard компонентов', 20, true, 33, '2025-01-30'),
(33, 'Реализация таблицы транзакций', 20, false, 43, '2025-02-10'),
(34, 'Разработка формы профиля', 20, false, 23, '2025-02-15'),
(35, 'Адаптация под мобильные', 20, false, 33, '2025-02-20'),
(36, 'Проектирование API endpoints', 21, true, 21, '2025-01-25'),
(37, 'Разработка user controller', 21, true, 31, '2025-02-05'),
(38, 'Создание transaction controller', 21, false, 21, '2025-02-15'),
(39, 'Реализация security middleware', 21, false, 41, '2025-02-20'),
(40, 'Исследование JWT best practices', 25, true, 21, '2025-02-10'),
(41, 'Реализация JWT генерации', 25, true, 31, '2025-02-15'),
(42, 'Создание refresh token логики', 25, false, 21, '2025-02-25'),
(43, 'Интеграция с существующей auth системой', 25, false, 41, '2025-03-01'),
(44, 'Разработка графика продаж', 31, true, 26, '2025-02-20'),
(45, 'Создание таблицы метрик', 31, true, 32, '2025-02-25'),
(46, 'Реализация фильтров для данных', 31, false, 26, '2025-03-05'),
(47, 'Настройка обновления в реальном времени', 31, false, 38, '2025-03-10'),
(48, 'Написание тестов для user service', 37, true, 24, '2025-02-01'),
(49, 'Тестирование product controller', 37, true, 30, '2025-02-10'),
(50, 'Создание тестов для order module', 37, false, 36, '2025-02-20'),
(51, 'Написание интеграционных тестов', 37, false, 42, '2025-02-25'),
(52, 'Обновление react и react-dom', 43, true, 33, '2025-03-01'),
(53, 'Обновление react-router', 43, true, 43, '2025-03-05'),
(54, 'Адаптация под breaking changes', 43, false, 33, '2025-03-15'),
(55, 'Тестирование после обновления', 43, false, 53, '2025-03-20'),
(56, 'Изучение OpenAI API', 47, false, 7, '2025-04-05'),
(57, 'Анализ Google Dialogflow', 47, false, 14, '2025-04-10'),
(58, 'Сравнение стоимости решений', 47, false, 20, '2025-04-15'),
(59, 'Выбор оптимального решения', 47, false, 7, '2025-04-20'),
(60, 'Исследование Ethereum', 53, false, 19, '2025-03-20'),
(61, 'Анализ Solana', 53, false, 29, '2025-03-25'),
(62, 'Изучение Polygon', 53, false, 39, '2025-03-30'),
(63, 'Сравнение комиссий и скорости', 53, false, 19, '2025-04-05'),
(64, 'Анализ текущих изображений', 59, true, 23, '2025-02-10'),
(65, 'Внедрение lazy loading', 59, true, 33, '2025-02-15'),
(66, 'Конвертация в WebP формат', 59, false, 43, '2025-02-25'),
(67, 'Тестирование скорости загрузки', 59, false, 13, '2025-02-28'),
(68, 'Разработка компонента календаря', 64, true, 23, '2025-01-20'),
(69, 'Реализация drag-and-drop', 64, true, 33, '2025-01-25'),
(70, 'Создание формы бронирования', 64, false, 43, '2025-02-05'),
(71, 'Валидация доступности времени', 64, false, 23, '2025-02-10'),
(72, 'Настройка виджета на сайте', 68, true, 35, '2025-02-20'),
(73, 'Кастомизация дизайна чата', 68, true, 45, '2025-02-25'),
(74, 'Интеграция с базой знаний', 68, false, 52, '2025-03-05'),
(75, 'Настройка офлайн-форм', 68, false, 35, '2025-03-10'),
(76, 'Создание шаблона welcome email', 72, true, 30, '2025-02-10'),
(77, 'Разработка шаблона промо-рассылки', 72, true, 40, '2025-02-15'),
(78, 'Адаптация под мобильные', 72, false, 50, '2025-02-25'),
(79, 'Тестирование в почтовых клиентах', 72, false, 20, '2025-02-28'),
(80, 'Разработка экрана профиля', 76, true, 29, '2025-02-10'),
(81, 'Создание модуля отпусков', 76, true, 39, '2025-02-15'),
(82, 'Реализация уведомлений', 76, false, 49, '2025-02-25'),
(83, 'Интеграция с календарем', 76, false, 29, '2025-03-01'),
(84, 'Настройка GitHub Actions', 80, true, 28, '2025-02-25'),
(85, 'Создание скрипта экспорта', 80, true, 34, '2025-03-01'),
(86, 'Автоматизация именования файлов', 80, false, 40, '2025-03-10'),
(87, 'Тестирование пайплайна', 80, false, 28, '2025-03-15'),
(88, 'Интервью с отделами', 83, true, 4, '2024-10-05'),
(89, 'Анализ бумажного документооборота', 83, true, 11, '2024-10-08'),
(90, 'Составление карты процессов', 83, true, 21, '2024-10-12'),
(91, 'Подготовка технического задания', 83, true, 4, '2024-10-15'),
(92, 'Проектирование БД для документов', 84, true, 11, '2024-11-05'),
(93, 'Разработка workflow движка', 84, true, 21, '2024-11-15'),
(94, 'Создание системы статусов', 84, true, 31, '2024-11-20'),
(95, 'Реализация маршрутизации', 84, true, 11, '2024-11-25'),
(96, 'Создание Stripe аккаунта', 88, true, 4, '2024-08-20'),
(97, 'Настройка вебхуков', 88, true, 11, '2024-08-25'),
(98, 'Реализация платежной формы', 88, true, 21, '2024-08-30'),
(99, 'Интеграция с бэкендом', 88, true, 4, '2024-09-03'),
(100, 'Анализ модуля users', 92, false, 4, '2025-05-10'),
(101, 'Исследование модуля products', 92, false, 11, '2025-05-15'),
(102, 'Изучение модуля orders', 92, false, 21, '2025-05-20'),
(103, 'Определение границ сервисов', 92, false, 31, '2025-05-25'),
(104, 'Изучение Duolingo геймификации', 96, false, 5, '2025-04-05'),
(105, 'Анализ Starbucks Rewards', 96, false, 10, '2025-04-10'),
(106, 'Исследование Nike Run Club', 96, false, 16, '2025-04-15'),
(107, 'Синтез лучших практик', 96, false, 22, '2025-04-20'),
(108, 'Создание user flow', 18, true, 5, '2024-11-20'),
(109, 'Прототипирование в Figma', 18, true, 10, '2024-11-25'),
(110, 'Проверка юзабилити', 18, true, 16, '2024-11-28'),
(111, 'Согласование с продукт-менеджером', 18, true, 3, '2024-11-30'),
(112, 'Дизайн цветовой палитры', 19, true, 10, '2024-12-05'),
(113, 'Создание компонентов', 19, true, 16, '2024-12-10'),
(114, 'Дизайн desktop версии', 19, true, 22, '2024-12-12'),
(115, 'Адаптация под мобильные', 19, true, 28, '2024-12-14'),
(116, 'Интервью с отделом продаж', 29, true, 14, '2025-01-10'),
(117, 'Опрос отдела маркетинга', 29, true, 20, '2025-01-12'),
(118, 'Сбор требований от финансового отдела', 29, true, 26, '2025-01-15'),
(119, 'Консолидация требований', 29, true, 14, '2025-01-20'),
(120, 'Выбор библиотеки для графиков', 30, true, 20, '2025-01-30'),
(121, 'Проектирование архитектуры дашборда', 30, true, 26, '2025-02-03'),
(122, 'Создание wireframes', 30, true, 32, '2025-02-05'),
(123, 'Утверждение архитектуры', 30, true, 14, '2025-02-10'),
(124, 'Исследование Jest', 35, true, 12, '2024-12-15'),
(125, 'Анализ Cypress', 35, true, 18, '2024-12-18'),
(126, 'Сравнение Playwright', 35, true, 24, '2024-12-20'),
(127, 'Рекомендация инструментов', 35, true, 12, '2024-12-22'),
(128, 'Настройка GitLab runner', 36, true, 18, '2025-01-02'),
(129, 'Создание базового пайплайна', 36, true, 24, '2025-01-05'),
(130, 'Интеграция с Docker', 36, true, 30, '2025-01-08'),
(131, 'Тестирование пайплайна', 36, true, 18, '2025-01-10'),
(132, 'Изучение changelog React 18', 41, true, 13, '2025-01-20'),
(133, 'Анализ breaking changes', 41, true, 23, '2025-01-25'),
(134, 'Тестирование на тестовом стенде', 41, true, 33, '2025-01-28'),
(135, 'Оценка рисков миграции', 41, true, 13, '2025-01-30'),
(136, 'Создание поэтапного плана', 42, true, 23, '2025-02-05'),
(137, 'Определение критичных компонентов', 42, true, 33, '2025-02-08'),
(138, 'Планирование тестирования', 42, true, 43, '2025-02-10'),
(139, 'Утверждение плана с командой', 42, true, 23, '2025-02-12'),
(140, 'Запуск Google Lighthouse', 61, true, 13, '2025-01-15'),
(141, 'Анализ Core Web Vitals', 61, true, 23, '2025-01-18'),
(142, 'Выявление проблемных страниц', 61, true, 33, '2025-01-20'),
(143, 'Подготовка отчета по метрикам', 61, true, 13, '2025-01-22'),
(144, 'Исследование систем бронирования', 63, true, 10, '2024-11-10'),
(145, 'Создание прототипа календаря', 63, true, 16, '2024-11-15'),
(146, 'Дизайн формы бронирования', 63, true, 22, '2024-11-18'),
(147, 'Утверждение дизайна', 63, true, 2, '2024-11-20'),
(148, 'Исследование Intercom', 67, true, 25, '2025-01-20'),
(149, 'Анализ Zendesk Chat', 67, true, 35, '2025-01-25'),
(150, 'Сравнение Drift', 67, true, 45, '2025-01-28'),
(151, 'Выбор оптимального решения', 67, true, 25, '2025-01-30'),
(152, 'Настройка Postfix', 71, true, 20, '2025-01-05'),
(153, 'Конфигурация DKIM/SPF', 71, true, 30, '2025-01-08'),
(154, 'Тестирование доставки', 71, true, 40, '2025-01-10'),
(155, 'Настройка bounce handling', 71, true, 20, '2025-01-12'),
(156, 'Интервью с HR отделом', 75, true, 16, '2024-12-10'),
(157, 'Создание прототипа', 75, true, 22, '2024-12-15'),
(158, 'Дизайн основных экранов', 75, true, 28, '2024-12-18'),
(159, 'Утверждение дизайна', 75, true, 19, '2024-12-20'),
(160, 'Создание организации в Figma', 79, true, 22, '2025-01-15'),
(161, 'Настройка team library', 79, true, 28, '2025-01-18'),
(162, 'Создание компонентов', 79, true, 34, '2025-01-20'),
(163, 'Обучение дизайнеров', 79, true, 40, '2025-01-22'),
(164, 'Исследование комиссий Stripe', 87, true, 7, '2024-07-25'),
(165, 'Анализ условий PayPal', 87, true, 14, '2024-07-28'),
(166, 'Изучение российских эквайрингов', 87, true, 20, '2024-08-01'),
(167, 'Сравнительный анализ', 87, true, 7, '2024-08-05'),
(168, 'Изучение API эквайринга', 22, false, 11, '2025-02-25'),
(169, 'Разработка платежного модуля', 22, false, 21, '2025-03-01'),
(170, 'Интеграция с бэкендом', 22, false, 31, '2025-03-05'),
(171, 'Тестирование платежей', 22, false, 12, '2025-03-10'),
(172, 'Исследование методов 2FA', 23, false, 31, '2025-03-15'),
(173, 'Разработка модуля 2FA', 23, false, 41, '2025-03-20'),
(174, 'Настройка защиты от брутфорса', 23, false, 51, '2025-03-25'),
(175, 'Пентест безопасности', 23, false, 6, '2025-03-30'),
(176, 'Обновление Swagger документации', 27, false, 31, '2025-05-05'),
(177, 'Создание примеров запросов', 27, false, 41, '2025-05-10'),
(178, 'Написание руководства по API', 27, false, 51, '2025-05-15'),
(179, 'Публикация документации', 27, false, 4, '2025-05-20'),
(180, 'Разработка JavaScript SDK', 28, false, 41, '2025-06-01'),
(181, 'Создание Python библиотеки', 28, false, 51, '2025-06-10'),
(182, 'Написание документации для SDK', 28, false, 56, '2025-06-20'),
(183, 'Тестирование библиотек', 28, false, 41, '2025-06-25'),
(184, 'Определение метрик для алертов', 33, false, 38, '2025-04-01'),
(185, 'Настройка системы уведомлений', 33, false, 44, '2025-04-05'),
(186, 'Создание шаблонов алертов', 33, false, 50, '2025-04-10'),
(187, 'Тестирование системы', 33, false, 38, '2025-04-15'),
(188, 'Подготовка презентации', 34, false, 44, '2025-04-25'),
(189, 'Создание видео-туториалов', 34, false, 50, '2025-04-30'),
(190, 'Проведение демо-сессий', 34, false, 55, '2025-05-05'),
(191, 'Сбор обратной связи', 34, false, 44, '2025-05-10'),
(192, 'Интеграция тестов в пайплайн', 39, false, 36, '2025-03-20'),
(193, 'Настройка уведомлений о падениях', 39, false, 42, '2025-03-25'),
(194, 'Создание отчетов о тестировании', 39, false, 48, '2025-03-30'),
(195, 'Оптимизация времени выполнения', 39, false, 36, '2025-04-05'),
(196, 'Настройка инструментов покрытия', 40, false, 42, '2025-04-01'),
(197, 'Интеграция с CI/CD', 40, false, 48, '2025-04-05'),
(198, 'Создание дашборда покрытия', 40, false, 54, '2025-04-10'),
(199, 'Установка целевых показателей', 40, false, 42, '2025-04-15'),
(200, 'Создание тестового плана', 45, false, 53, '2025-05-25'),
(201, 'Нагрузочное тестирование', 45, false, 58, '2025-06-01'),
(202, 'Тестирование совместимости', 45, false, 63, '2025-06-05'),
(203, 'Анализ результатов', 45, false, 53, '2025-06-10'),
(204, 'Подготовка плана rollout', 46, false, 58, '2025-06-25'),
(205, 'Настройка feature flags', 46, false, 63, '2025-06-30'),
(206, 'Мониторинг после деплоя', 46, false, 67, '2025-07-05'),
(207, 'План отката', 46, false, 58, '2025-07-10'),
(208, 'Проектирование схемы интеграции', 48, false, 14, '2025-05-05'),
(209, 'Определение API контрактов', 48, false, 20, '2025-05-10'),
(210, 'Создание архитектурной документации', 48, false, 26, '2025-05-15'),
(211, 'Утверждение архитектуры', 48, false, 14, '2025-05-20'),
(212, 'Сбор исторических чатов', 49, false, 20, '2025-05-25'),
(213, 'Разметка данных', 49, false, 26, '2025-06-05'),
(214, 'Очистка и подготовка датасета', 49, false, 32, '2025-06-10'),
(215, 'Валидация качества данных', 49, false, 20, '2025-06-15'),
(216, 'Выбор модели машинного обучения', 50, false, 26, '2025-07-01'),
(217, 'Обучение модели', 50, false, 32, '2025-07-20'),
(218, 'Тестирование точности', 50, false, 38, '2025-08-01'),
(219, 'Оптимизация производительности', 50, false, 26, '2025-08-10'),
(220, 'Разработка API для AI', 51, false, 32, '2025-08-20'),
(221, 'Интеграция с чат-системой', 51, false, 38, '2025-08-30'),
(222, 'Настройка очереди сообщений', 51, false, 44, '2025-09-05'),
(223, 'Тестирование интеграции', 51, false, 32, '2025-09-10'),
(224, 'Проектирование системы ключей', 54, false, 29, '2025-05-10'),
(225, 'Разработка механизма подписей', 54, false, 39, '2025-05-20'),
(226, 'Создание системы резервного копирования', 54, false, 49, '2025-05-30'),
(227, 'Аудит безопасности', 54, false, 29, '2025-06-05'),
(228, 'Прототипирование интерфейса', 55, false, 39, '2025-06-15'),
(229, 'Разработка модуля кошелька', 55, false, 49, '2025-07-10'),
(230, 'Создание системы транзакций', 55, false, 56, '2025-07-25'),
(231, 'Интеграция с блокчейном', 55, false, 39, '2025-08-05'),
(232, 'Настройка Webpack для минификации', 62, false, 43, '2025-03-20'),
(233, 'Внедрение tree shaking', 62, false, 53, '2025-03-25'),
(234, 'Оптимизация CSS', 62, false, 58, '2025-03-30'),
(235, 'Тестирование производительности', 62, false, 43, '2025-04-05'),
(236, 'Проектирование системы уведомлений', 66, false, 33, '2025-02-20'),
(237, 'Разработка email шаблонов', 66, false, 8, '2025-02-25'),
(238, 'Интеграция с push-сервисами', 66, false, 43, '2025-03-01'),
(239, 'Тестирование доставки', 66, false, 33, '2025-03-05'),
(240, 'Изучение Jira Service Desk API', 70, false, 52, '2025-04-05'),
(241, 'Разработка интеграционного модуля', 70, false, 57, '2025-04-10'),
(242, 'Синхронизация тикетов', 70, false, 62, '2025-04-15'),
(243, 'Тестирование интеграции', 70, false, 52, '2025-04-20'),
(244, 'Разработка системы трекинга', 74, false, 50, '2025-03-20'),
(245, 'Создание дашборда аналитики', 74, false, 55, '2025-03-25'),
(246, 'Интеграция с Google Analytics', 74, false, 60, '2025-03-30'),
(247, 'Тестирование отслеживания', 74, false, 50, '2025-04-05'),
(248, 'Изучение Active Directory API', 78, false, 49, '2025-04-10'),
(249, 'Разработка синхронизации', 78, false, 56, '2025-04-15'),
(250, 'Настройка аутентификации', 78, false, 62, '2025-04-20'),
(251, 'Тестирование интеграции', 78, false, 49, '2025-04-25'),
(252, 'Создание структуры хранения', 82, false, 40, '2025-04-10'),
(253, 'Разработка импортера', 82, false, 46, '2025-04-15'),
(254, 'Миграция старых файлов', 82, false, 52, '2025-04-20'),
(255, 'Валидация перенесенных данных', 82, false, 40, '2025-04-25'),
(256, 'Определение границ сервиса users', 93, false, 11, '2025-06-20'),
(257, 'Проектирование сервиса products', 93, false, 21, '2025-06-25'),
(258, 'Создание контрактов API', 93, false, 31, '2025-06-30'),
(259, 'Утверждение архитектуры', 93, false, 11, '2025-07-05'),
(260, 'Разработка auth сервиса', 94, false, 21, '2025-07-20'),
(261, 'Создание user сервиса', 94, false, 31, '2025-08-01'),
(262, 'Миграция данных', 94, false, 41, '2025-08-10'),
(263, 'Тестирование сервисов', 94, false, 21, '2025-08-15'),
(264, 'Настройка Kubernetes кластера', 95, false, 31, '2025-09-01'),
(265, 'Развертывание сервисов', 95, false, 41, '2025-09-05'),
(266, 'Настройка мониторинга', 95, false, 51, '2025-09-10'),
(267, 'Тестирование отказоустойчивости', 95, false, 31, '2025-09-15'),
(268, 'Проектирование системы баллов', 97, false, 10, '2025-05-10'),
(269, 'Разработка алгоритма начисления', 97, false, 16, '2025-05-15'),
(270, 'Создание правил списания', 97, false, 22, '2025-05-20'),
(271, 'Утверждение механик', 97, false, 10, '2025-05-25'),
(272, 'Проектирование системы достижений', 98, false, 16, '2025-06-20'),
(273, 'Разработка бейджей', 98, false, 22, '2025-06-25'),
(274, 'Создание условий получения', 98, false, 28, '2025-06-30'),
(275, 'Интеграция с системой баллов', 98, false, 16, '2025-07-05'),
(276, 'Изучение CRM API', 99, false, 22, '2025-07-15'),
(277, 'Разработка интеграционного модуля', 99, false, 28, '2025-07-20'),
(278, 'Синхронизация данных клиентов', 99, false, 34, '2025-07-25'),
(279, 'Тестирование интеграции', 99, false, 22, '2025-07-30'),
(280, 'Проектирование A/B тестов', 100, false, 28, '2025-08-05'),
(281, 'Разработка системы тестирования', 100, false, 34, '2025-08-10'),
(282, 'Настройка аналитики', 100, false, 40, '2025-08-15'),
(283, 'Анализ результатов', 100, false, 28, '2025-08-20'),
(284, 'Рефакторинг legacy кода', 26, false, 11, '2025-03-15'),
(285, 'Добавление кэширования Redis', 26, false, 21, '2025-03-20'),
(286, 'Оптимизация индексов БД', 26, false, 31, '2025-03-25'),
(287, 'Тестирование производительности', 26, false, 11, '2025-03-30'),
(288, 'Интеграция с Google Calendar API', 65, false, 8, '2025-02-10'),
(289, 'Синхронизация событий', 65, false, 33, '2025-02-15'),
(290, 'Обработка конфликтов', 65, false, 43, '2025-02-20'),
(291, 'Тестирование синхронизации', 65, false, 8, '2025-02-25'),
(292, 'Разработка WYSIWYG редактора', 73, false, 40, '2025-03-10'),
(293, 'Создание шаблонов', 73, false, 50, '2025-03-15'),
(294, 'Интеграция с системой рассылок', 73, false, 55, '2025-03-20'),
(295, 'Тестирование редактора', 73, false, 40, '2025-03-25'),
(296, 'Разработка системы ревью', 81, false, 34, '2025-03-20'),
(297, 'Создание workflow утверждения', 81, false, 40, '2025-03-25'),
(298, 'Интеграция с комментариями', 81, false, 46, '2025-03-30'),
(299, 'Тестирование процесса ревью', 81, false, 34, '2025-04-05'),
(300, 'Обновление версии React Router', 44, false, 43, '2025-04-10');

INSERT INTO task_comments (task_id, user_id, content, attachment_url) VALUES
(1, 4, 'Начал проектирование БД. Буду использовать PostgreSQL с учетом будущего масштабирования.', NULL),
(1, 2, 'Учти требования GDPR для хранения персональных данных клиентов.', NULL),
(1, 4, 'Уже предусмотрел. Добавляю поля для согласий и даты удаления.', NULL),
(2, 3, 'Начинаю разработку API. Планирую использовать NestJS для бэкенда.', 'https://example.com/api_design.pdf'),
(2, 2, 'Не забудь добавить пагинацию и фильтрацию для списка клиентов.', NULL),
(3, 5, 'Прислал макеты для интерфейса списка клиентов. Жду обратной связи.', 'https://example.com/clients_design.fig'),
(3, 2, 'Дизайн отличный! Добавь только возможность массовых операций.', NULL),
(4, 8, 'Для email рассылок будем использовать SendGrid. Есть ли у нас аккаунт?', NULL),
(4, 2, 'Да, аккаунт есть. Данные для доступа в 1Password.', NULL),
(5, 4, 'Начал писать документацию. Использую OpenAPI спецификацию.', NULL),
(6, 5, 'Исследую современные тренды в веб-дизайне. Буду предлагать dark mode.', NULL),
(6, 2, 'Отличная идея! Dark mode обязателен.', NULL),
(7, 13, 'Начал верстку. Использую Tailwind CSS для ускорения разработки.', NULL),
(7, 5, 'Следи за соответствием макетам. Особенно отступы.', NULL),
(8, 23, 'С адаптивностью возникли сложности на очень старых Android. Нужно решение.', NULL),
(8, 13, 'Предлагаю использовать progressive enhancement.', NULL),
(9, 8, 'Интегрирую с WordPress. Есть вопросы по кастомным полям.', NULL),
(9, 2, 'Кастомные поля обсуждаем с контент-менеджером. Жди ответ.', NULL),
(10, 12, 'Начинаю тестирование. Нужен доступ к разным браузерам.', NULL),
(10, 6, 'Доступ к BrowserStack уже предоставлен.', NULL),
(11, 7, 'Изучил Stripe, PayPal и российские аналоги. Рекомендую Stripe для международных платежей.', 'https://example.com/payment_research.pdf'),
(11, 2, 'Согласен. Начинай с Stripe.', NULL),
(12, 4, 'Stripe API довольно удобный. Но есть сложности с вебхуками.', NULL),
(12, 3, 'Для вебхуков нужен публичный URL. Договоримся с DevOps.', NULL),
(13, 11, 'PayPal API более громоздкий. Но интеграция обязательна.', NULL),
(13, 4, 'Да, понимаю. Делаем по очереди.', NULL),
(14, 12, 'Написал тесты для успешных сценариев. Нужны тестовые карты.', NULL),
(14, 6, 'Тестовые карты Stripe: 4242 4242 4242 4242', NULL),
(15, 13, 'Провел замеры. Главная страница грузится 3.5 сек. Нужно оптимизировать.', 'https://example.com/performance_metrics.png'),
(15, 3, 'Критично! Цель - 1.5 сек.', NULL),
(16, 4, 'Добавил индексы на основные таблицы. Запросы ускорились на 40%.', NULL),
(16, 3, 'Отлично! Проверь составные индексы.', NULL),
(17, 8, 'Выбрал Redis для кэширования. Настраиваю кластер.', NULL),
(17, 4, 'Не забудь про TTL для кэша.', NULL),
(18, 23, 'Сжал изображения. Размер уменьшился на 60%.', NULL),
(18, 13, 'Проверь качество после сжатия.', NULL),
(19, 12, 'Настроил нагрузочное тестирование с JMeter. Первые результаты тревожные.', 'https://example.com/load_test_results.csv'),
(19, 6, 'Какие конкретно проблемы?', NULL),
(20, 5, 'Изучил тренды 2025. Минимализм и неоморфизм все еще актуальны.', 'https://example.com/design_trends.pdf'),
(20, 2, 'Нравится неоморфизм. Пробуй.', NULL),
(21, 10, 'Сделал дизайн навигации. Использую плавающее меню.', 'https://example.com/navigation_design.fig'),
(21, 5, 'Плавающее меню хорошо. Добавь анимацию появления.', NULL),
(22, 16, 'Дизайн профиля готов. Добавил возможность кастомизации.', NULL),
(22, 5, 'Перебор с кастомизацией. Упрости.', NULL),
(23, 22, 'Настройки получились сложными. Предлагаю разделить на основные и дополнительные.', NULL),
(23, 10, 'Поддерживаю. Сделай вкладки.', NULL),
(24, 28, 'Иконки готовы в 3 размерах для разных плотностей пикселей.', 'https://example.com/icons.zip'),
(24, 5, 'Супер! Проверь на ретина-дисплеях.', NULL),
(25, 5, 'Исследовал логотипы конкурентов. Все идут в сторону упрощения.', 'https://example.com/logo_research.pdf'),
(25, 2, 'Мы тоже должны упростить. Но сохранить узнаваемость.', NULL),
(26, 10, 'Подобрал палитру. Основной цвет - синий, акцентный - оранжевый.', 'https://example.com/color_palette.png'),
(26, 5, 'Оранжевый слишком яркий. Сделай приглушеннее.', NULL),
(27, 16, 'Выбрал шрифт Inter для основного текста и Montserrat для заголовков.', NULL),
(27, 10, 'Inter отличный выбор. Утверждаю.', NULL),
(28, 22, 'Структура гайдлайнов готова. 5 основных разделов.', NULL),
(28, 5, 'Добавь раздел про голосовые интерфейсы.', NULL),
(29, 28, 'Обновил 10 шаблонов из 15. Остальные к концу недели.', NULL),
(29, 5, 'Хороший темп.', NULL),
(30, 10, 'Исследование показало, что наша ЦА - мужчины 25-40 лет.', 'https://example.com/target_audience.pdf'),
(30, 5, 'Учти это в дизайне.', NULL),
(31, 16, 'Баннеры готовы в 5 размерах. Проверь.', 'https://example.com/banners.zip'),
(31, 10, 'На баннере 300x250 слишком мелкий текст. Увеличь.', NULL),
(32, 22, 'HTML шаблоны готовы. Протестировал в Outlook - все ок.', NULL),
(32, 10, 'Outlook 2010 тоже проверь.', NULL),
(33, 28, 'Оформил Facebook и Instagram. Twitter и LinkedIn завтра.', NULL),
(33, 10, 'Не забудь про TikTok.', NULL),
(34, 34, 'Презентация на 20 слайдов готова. Нужна проверка контента.', 'https://example.com/presentation.pptx'),
(34, 10, 'Контент проверю завтра.', NULL),
(35, 12, 'Установил Jest, Cypress, Puppeteer. Окружение готово.', NULL),
(35, 6, 'Добавь еще Playwright для кроссбраузерности.', NULL),
(36, 18, 'Написал 150 unit тестов. Покрытие 75%.', 'https://example.com/coverage_report.pdf'),
(36, 12, 'Цель - 85%. Продолжай.', NULL),
(37, 24, 'Интеграционные тесты для 20 endpoint-ов готовы.', NULL),
(37, 18, 'Осталось еще 15 endpoint-ов.', NULL),
(38, 30, 'E2E тесты падают на шаге оплаты. Нужно починить моки.', NULL),
(38, 24, 'Проверь моки платежных систем.', NULL),
(39, 36, 'Настроил GitLab CI. Тесты запускаются автоматически.', NULL),
(39, 18, 'Добавь уведомления в Slack.', NULL),
(40, 18, 'Нашел уязвимости в конфигурации Nginx. Исправил.', NULL),
(40, 12, 'Хорошая работа. Проверь Apache тоже.', NULL),
(41, 24, 'SQL инъекции не работают. Защита на уровне ORM.', NULL),
(41, 18, 'Проверь ручные запросы.', NULL),
(42, 30, 'XSS уязвимости найдены в форме обратной связи. Исправляю.', NULL),
(42, 24, 'Срочно исправь!', NULL),
(43, 36, 'Обнаружил проблему с истечением сессии. Баг в настройках cookies.', NULL),
(43, 30, 'Приоритет высокий. Исправляй.', NULL),
(44, 42, 'Собрал все данные. Пишу отчет.', 'https://example.com/security_data.xlsx'),
(44, 18, 'К завтрашнему утру отчет должен быть готов.', NULL),
(45, 24, 'Проанализировал основной функционал. 50 тест-кейсов готово.', 'https://example.com/test_cases.xlsx'),
(45, 18, 'Мало. Нужно минимум 100.', NULL),
(46, 30, 'Протестировал модуль A. Нашел 5 критичных багов.', NULL),
(46, 24, 'Баги в трекере?', NULL),
(47, 36, 'Модуль B работает стабильно. Мелкие баги по UI.', NULL),
(47, 30, 'UI баги тоже фикси.', NULL),
(48, 42, 'Документировал 20 багов. Осталось 15.', NULL),
(48, 30, 'Ускоряйся.', NULL),
(49, 48, 'Критичные баги пофикшены. Ретестинг пройден.', NULL),
(49, 36, 'Отлично!', NULL),
(50, 14, 'Нашел 15 прямых конкурентов и 25 косвенных.', 'https://example.com/competitors_list.xlsx'),
(50, 7, 'Косвенных слишком много. Сфокусируйся на прямых.', NULL),
(51, 20, 'Проанализировал 5 основных продуктов конкурентов. Есть интересные фичи.', 'https://example.com/features_comparison.pdf'),
(51, 14, 'Какие фичи можем позаимствовать?', NULL),
(52, 26, 'Цены конкурентов на 15-20% выше наших. Можем повысить.', NULL),
(52, 20, 'Интересно. Нужно обсудить с отделом продаж.', NULL),
(53, 32, 'Конкуренты активно используют influencer marketing.', 'https://example.com/marketing_analysis.pdf'),
(53, 26, 'Мы тоже должны попробовать.', NULL),
(54, 38, 'Отчет на 50 страниц готов. Высылаю.', 'https://example.com/market_analysis_report.pdf'),
(54, 20, 'Сократи до 30 страниц. Много воды.', NULL),
(55, 14, 'Провел интервью с 5 отделами. Каждый хочет свои метрики.', 'https://example.com/interview_notes.pdf'),
(55, 7, 'Обобщи и выдели общие.', NULL),
(56, 20, 'Выбрал Tableau для дашбордов. Дорого, но того стоит.', NULL),
(56, 14, 'Есть бюджет. Утверждаю.', NULL),
(57, 26, 'Настроил сбор данных. Проблема с iOS устройствами.', NULL),
(57, 20, 'iOS всегда проблемы. Разберись.', NULL),
(58, 32, 'Данные в дашборде не сходятся с сырыми данными. Ищу причину.', NULL),
(58, 26, 'Срочно найди и исправь.', NULL),
(59, 38, 'Написал документацию на 20 метрик. Осталось 15.', NULL),
(59, 26, 'Формат единый соблюдай.', NULL),
(60, 20, 'Google Tag Manager настроен. Тестирую события.', NULL),
(60, 14, 'Какие события отслеживаем?', NULL),
(61, 26, 'Воронка показывает падение на шаге оплаты. 40% пользователей уходят.', NULL),
(61, 20, 'Критично! Анализируй причины.', NULL),
(62, 32, 'Пользователи проводят в среднем 3:15 минут на сайте. Мало.', NULL),
(62, 26, 'Нужно увеличивать вовлеченность.', NULL),
(63, 38, 'Сегментировал по 5 критериям. Получилось 12 сегментов.', 'https://example.com/segmentation.xlsx'),
(63, 32, 'Слишком много. Упрости до 5-6 сегментов.', NULL),
(64, 44, 'Основная проблема - сложный интерфейс. Предлагаю упростить.', 'https://example.com/ux_issues.pdf'),
(64, 38, 'Согласен. Готовим предложения по редизайну.', NULL),
(65, 19, 'Выбрал Clean Architecture + MVVM. Лучшее для масштабирования.', NULL),
(65, 9, 'Согласен. Начинай.', NULL),
(66, 29, 'Экран входа готов. Поддержка Face ID и Touch ID.', NULL),
(66, 19, 'Face ID обязателен для iOS.', NULL),
(67, 39, 'Главный экран с лентой заказов готов. Анимации добавлены.', NULL),
(67, 29, 'Анимации должны быть плавными. Проверь на старых устройствах.', NULL),
(68, 49, 'Экран профиля с кастомизацией аватара готов.', NULL),
(68, 39, 'Аватар должен грузиться быстро. Оптимизируй.', NULL),
(69, 56, 'Сетевой слой на Alamofire готов. Retry логика добавлена.', NULL),
(69, 49, 'Retry с экспоненциальной задержкой?', NULL),
(70, 62, 'Запросы работают. Проблема с кэшированием.', NULL),
(70, 56, 'Используй URLSession кэш.', NULL),
(71, 49, 'Тестирую на iPhone 13 и iPhone 8. На 8-ке тормозит.', NULL),
(71, 39, 'Оптимизируй для старых устройств.', NULL),
(72, 56, 'На iPad интерфейс ломается. Нужна адаптация.', NULL),
(72, 49, 'iPad версия обязательна.', NULL),
(73, 62, 'На iOS 14 есть краши. Ищу причину.', NULL),
(73, 56, 'Срочно исправь!', NULL),
(74, 64, 'Описание готово. Маркетинг проверяет.', NULL),
(74, 56, 'Жду скриншоты.', NULL),
(75, 29, 'React Native vs Flutter: выбрал React Native. Больше разработчиков.', 'https://example.com/rn_vs_flutter.pdf'),
(75, 39, 'Согласен. Начинай с React Native.', NULL),
(76, 39, 'Wireframes готовы. Навигация drawer + tabs.', 'https://example.com/wireframes.fig'),
(76, 29, 'Drawer устарел. Делай bottom navigation.', NULL),
(77, 49, 'Бизнес-логика готова. Использую Redux для state management.', NULL),
(77, 39, 'Redux слишком сложный. Попробуй MobX.', NULL),
(78, 56, 'iOS специфичные функции: Face ID, Apple Pay, Share Sheet.', NULL),
(78, 49, 'Все правильно. Реализуй.', NULL),
(79, 62, 'Android специфичные функции: Fingerprint, Google Pay.', NULL),
(79, 56, 'Добавь Deep Links.', NULL),
(80, 64, 'Тестирование на 5 iOS устройствах прошло успешно.', NULL),
(80, 62, 'Проверь еще на 3 Android устройствах.', NULL),
(81, 13, 'Требования собрал. 10 основных сценариев использования.', 'https://example.com/requirements.pdf'),
(81, 3, 'Мало. Нужно 20+ сценариев.', NULL),
(82, 23, 'Библиотека компонентов на React готово. 30+ компонентов.', 'https://example.com/components_library.zip'),
(82, 13, 'Добавь компонент календаря.', NULL),
(83, 33, 'CRUD работает. Проблема с большими данными - тормозит.', NULL),
(83, 23, 'Реализуй виртуальный скролл.', NULL),
(84, 43, 'Фильтры и поиск готовы. Автодополнение добавлено.', NULL),
(84, 33, 'Автодополнение должно работать быстро. Оптимизируй.', NULL),
(85, 53, 'Экспорт в Excel и CSV готов. PDF в процессе.', NULL),
(85, 43, 'PDF обязателен. Ускоряйся.', NULL),
(86, 43, 'Авторизация через JWT работает. Refresh token реализован.', NULL),
(86, 33, 'Токены должны обновляться автоматически.', NULL),
(87, 53, 'Ошибки обрабатываются. Проблема с сетевыми ошибками.', NULL),
(87, 43, 'Нужны понятные сообщения об ошибках.', NULL),
(88, 58, 'Оптимизация запросов: уменьшил количество запросов в 2 раза.', NULL),
(88, 53, 'Отлично!', NULL),
(89, 63, 'Unit тесты: покрытие 80%. Цель достигнута.', 'https://example.com/unit_coverage.pdf'),
(89, 58, 'Хорошо. Доведи до 85%.', NULL),
(90, 4, 'API анализ показал: 45 endpoint-ов, из них 20 устаревших.', 'https://example.com/api_analysis.pdf'),
(90, 2, 'Устаревшие endpoint-ы нужно deprecated.', NULL),
(91, 11, 'DTO спроектировал. Использую class-validator для валидации.', NULL),
(91, 4, 'Добавь кастомные валидаторы.', NULL),
(92, 21, 'User endpoint-ы готовы. Пагинация, сортировка, фильтрация.', NULL),
(92, 11, 'Фильтрация должна быть гибкой.', NULL),
(93, 31, 'Product endpoint-ы: CRUD + поиск + категории.', NULL),
(93, 21, 'Добавь endpoint для популярных товаров.', NULL),
(94, 41, 'Order endpoint-ы: создание, история, статусы.', NULL),
(94, 31, 'Добавь отмену заказа.', NULL),
(95, 51, 'JWT аутентификация работает. Проблема с logout.', NULL),
(95, 41, 'На сервере нужно инвалидировать токен.', NULL),
(96, 56, 'Ролевая модель: 5 ролей. Права настроены.', NULL),
(96, 51, 'Добавь роль модератора.', NULL),
(97, 60, 'Тестирование безопасности: нашел уязвимость в password reset.', NULL),
(97, 56, 'Критично! Исправляй.', NULL),
(98, 65, 'Swagger документация готова. Примеры добавлены.', 'https://example.com/swagger.json'),
(98, 60, 'Добавь описание ошибок.', NULL),
(99, 70, 'Unit тесты: 200 тестов. Покрытие 75%.', NULL),
(99, 65, 'Мало. Нужно 300+ тестов.', NULL),
(100, 11, 'Структура БД проанализирована. 50 таблиц, сложные связи.', 'https://example.com/db_analysis.pdf'),
(100, 2, 'Какие самые проблемные места?', NULL);

INSERT INTO time_entries (task_id, user_id, project_id, description, hours_spent, entry_date) VALUES
(1, 4, 1, 'Анализ требований к БД CRM', 4.5, '2025-06-02'),
(1, 4, 1, 'Проектирование таблиц и связей', 5.0, '2025-06-03'),
(1, 2, 1, 'Обсуждение схемы БД с командой', 1.5, '2025-06-04'),
(2, 3, 1, 'Изучение NestJS документации', 3.0, '2025-06-09'),
(2, 3, 1, 'Настройка проекта и окружения', 2.5, '2025-06-10'),
(2, 3, 1, 'Создание базовой структуры API', 4.0, '2025-06-11'),
(3, 5, 1, 'Исследование современных UI трендов', 3.5, '2025-06-16'),
(3, 5, 1, 'Создание wireframes интерфейса', 5.0, '2025-06-17'),
(3, 13, 1, 'Настройка React проекта', 2.0, '2025-06-18'),
(4, 8, 1, 'Изучение SendGrid API', 2.5, '2025-06-23'),
(4, 8, 1, 'Настройка SendGrid аккаунта', 1.5, '2025-06-24'),
(5, 4, 1, 'Настройка Swagger для документации', 3.0, '2025-06-30'),
(5, 4, 1, 'Написание базовой документации', 4.0, '2025-07-01'),
(6, 5, 2, 'Анализ конкурентов в дизайне', 4.0, '2025-07-01'),
(6, 5, 2, 'Создание mood board', 3.5, '2025-07-02'),
(6, 5, 2, 'Разработка концепции дизайна', 5.0, '2025-07-03'),
(7, 13, 2, 'Настройка Tailwind CSS', 2.0, '2025-07-08'),
(7, 13, 2, 'Верстка header и навигации', 4.0, '2025-07-09'),
(7, 13, 2, 'Верстка hero секции', 3.5, '2025-07-10'),
(8, 23, 2, 'Тестирование на мобильных устройствах', 4.0, '2025-07-15'),
(8, 23, 2, 'Исправление багов адаптивности', 3.0, '2025-07-16'),
(9, 8, 2, 'Изучение WordPress REST API', 3.0, '2025-07-22'),
(9, 8, 2, 'Настройка кастомных полей', 2.5, '2025-07-23'),
(10, 12, 2, 'Настройка BrowserStack', 1.5, '2025-07-29'),
(10, 12, 2, 'Тестирование в разных браузерах', 4.0, '2025-07-30'),
(11, 7, 3, 'Исследование Stripe API', 3.5, '2025-06-02'),
(11, 7, 3, 'Исследование PayPal API', 3.0, '2025-06-03'),
(11, 7, 3, 'Сравнение платежных систем', 2.0, '2025-06-04'),
(12, 4, 3, 'Создание Stripe аккаунта для разработки', 1.5, '2025-06-09'),
(12, 4, 3, 'Настройка вебхуков Stripe', 3.0, '2025-06-10'),
(12, 11, 3, 'Реализация платежной формы', 4.5, '2025-06-11'),
(13, 11, 3, 'Создание PayPal sandbox аккаунта', 1.0, '2025-06-16'),
(13, 11, 3, 'Интеграция PayPal кнопки', 3.5, '2025-06-17'),
(14, 12, 3, 'Написание тестов для успешных платежей', 3.0, '2025-06-23'),
(14, 12, 3, 'Написание тестов для отмененных платежей', 2.5, '2025-06-24'),
(15, 13, 4, 'Замер скорости загрузки главной страницы', 2.0, '2025-08-04'),
(15, 13, 4, 'Анализ waterfall диаграммы', 1.5, '2025-08-05'),
(15, 7, 4, 'Подготовка отчета по производительности', 2.5, '2025-08-06'),
(16, 4, 4, 'Анализ медленных запросов к БД', 3.5, '2025-08-11'),
(16, 4, 4, 'Добавление индексов в таблицы', 4.0, '2025-08-12'),
(17, 8, 4, 'Исследование Redis vs Memcached', 3.0, '2025-08-18'),
(17, 8, 4, 'Настройка Redis сервера', 2.5, '2025-08-19'),
(18, 23, 4, 'Анализ размеров изображений на сайте', 2.0, '2025-08-25'),
(18, 23, 4, 'Сжатие изображений через ImageOptim', 3.5, '2025-08-26'),
(19, 12, 4, 'Настройка JMeter для нагрузочного тестирования', 3.0, '2025-09-01'),
(19, 12, 4, 'Проведение первого теста производительности', 4.0, '2025-09-02'),
(20, 5, 5, 'Исследование дизайн трендов 2025', 4.5, '2025-07-14'),
(20, 5, 5, 'Создание mood board для приложения', 3.0, '2025-07-15'),
(20, 2, 5, 'Обсуждение концепции с заказчиком', 2.0, '2025-07-16'),
(21, 10, 5, 'Дизайн навигационного меню', 4.0, '2025-07-21'),
(21, 10, 5, 'Адаптация навигации под мобильные', 3.5, '2025-07-22'),
(22, 16, 5, 'Проектирование структуры профиля пользователя', 3.0, '2025-07-28'),
(22, 16, 5, 'Дизайн аватара и основной информации', 4.0, '2025-07-29'),
(23, 22, 5, 'Анализ необходимых настроек приложения', 2.5, '2025-08-04'),
(23, 22, 5, 'Дизайн интерфейса настроек', 4.5, '2025-08-05'),
(24, 28, 5, 'Создание иконок для приложения', 5.0, '2025-08-11'),
(24, 28, 5, 'Оптимизация иконок для разных разрешений', 3.5, '2025-08-12'),
(25, 5, 6, 'Исследование логотипов конкурентов', 4.0, '2025-08-04'),
(25, 5, 6, 'Генерация идей для нового логотипа', 5.0, '2025-08-05'),
(26, 10, 6, 'Исследование психологии цвета', 2.5, '2025-08-11'),
(26, 10, 6, 'Подбор цветовой палитры', 3.5, '2025-08-12'),
(27, 16, 6, 'Исследование современных шрифтов', 3.0, '2025-08-18'),
(27, 16, 6, 'Тестирование сочетаний шрифтов', 2.5, '2025-08-19'),
(28, 22, 6, 'Проектирование структуры гайдлайнов', 3.0, '2025-08-25'),
(28, 22, 6, 'Написание введения и основных принципов', 4.0, '2025-08-26'),
(29, 28, 6, 'Обновление шаблонов документов Word', 3.5, '2025-09-01'),
(29, 28, 6, 'Обновление шаблонов презентаций PowerPoint', 4.0, '2025-09-02'),
(30, 10, 7, 'Исследование целевой аудитории маркетинговых материалов', 4.0, '2025-09-01'),
(30, 10, 7, 'Анализ демографических данных', 3.0, '2025-09-02'),
(31, 16, 7, 'Дизайн баннера для Facebook', 3.5, '2025-09-08'),
(31, 16, 7, 'Адаптация баннера под разные форматы', 2.5, '2025-09-09'),
(32, 22, 7, 'Создание HTML шаблона для email рассылки', 4.0, '2025-09-15'),
(32, 22, 7, 'Тестирование шаблона в разных почтовых клиентах', 3.0, '2025-09-16'),
(33, 28, 7, 'Дизайн обложки для Facebook страницы', 3.5, '2025-09-22'),
(33, 28, 7, 'Создание аватара для соцсетей', 2.0, '2025-09-23'),
(34, 34, 7, 'Создание структуры презентации компании', 2.5, '2025-09-29'),
(34, 34, 7, 'Дизайн титульного слайда и разделов', 4.5, '2025-09-30'),
(35, 12, 8, 'Установка и настройка Jest', 2.0, '2025-06-16'),
(35, 12, 8, 'Установка и настройка Cypress', 2.5, '2025-06-17'),
(35, 18, 8, 'Настройка тестового окружения', 3.0, '2025-06-18'),
(36, 18, 8, 'Написание unit тестов для моделей', 5.0, '2025-06-23'),
(36, 18, 8, 'Написание unit тестов для сервисов', 4.5, '2025-06-24'),
(37, 24, 8, 'Написание интеграционных тестов для User API', 4.0, '2025-06-30'),
(37, 24, 8, 'Написание интеграционных тестов для Product API', 4.5, '2025-07-01'),
(38, 30, 8, 'Написание e2e теста для регистрации', 3.5, '2025-07-07'),
(38, 30, 8, 'Написание e2e теста для создания заказа', 4.0, '2025-07-08'),
(39, 36, 8, 'Настройка GitLab CI pipeline', 3.0, '2025-07-14'),
(39, 36, 8, 'Интеграция тестов в CI/CD', 2.5, '2025-07-15'),
(40, 18, 9, 'Проверка конфигурации Nginx', 3.0, '2025-07-05'),
(40, 18, 9, 'Анализ логов на предмет уязвимостей', 2.5, '2025-07-06'),
(41, 24, 9, 'Создание тестовых SQL инъекций', 3.5, '2025-07-12'),
(41, 24, 9, 'Тестирование форм на сайте', 3.0, '2025-07-13'),
(42, 30, 9, 'Тестирование форм на XSS уязвимости', 4.0, '2025-07-19'),
(42, 30, 9, 'Исправление найденных уязвимостей', 3.5, '2025-07-20'),
(43, 36, 9, 'Тестирование системы авторизации', 3.0, '2025-07-26'),
(43, 36, 9, 'Проверка управления сессиями', 2.5, '2025-07-27'),
(44, 42, 9, 'Сбор данных по результатам тестирования', 2.0, '2025-08-02'),
(44, 42, 9, 'Формирование отчета по безопасности', 3.5, '2025-08-03'),
(45, 24, 10, 'Анализ основного функционала для тестирования', 3.0, '2025-08-04'),
(45, 24, 10, 'Создание чек-листа тестов', 4.0, '2025-08-05'),
(46, 30, 10, 'Тестирование модуля пользователей', 5.0, '2025-08-11'),
(46, 30, 10, 'Тестирование модуля продуктов', 4.5, '2025-08-12'),
(47, 36, 10, 'Тестирование модуля заказов', 4.0, '2025-08-18'),
(47, 36, 10, 'Тестирование модуля оплаты', 3.5, '2025-08-19'),
(48, 42, 10, 'Документирование найденных багов', 3.0, '2025-08-25'),
(48, 42, 10, 'Приоритизация багов для исправления', 2.5, '2025-08-26'),
(49, 48, 10, 'Ретестинг критичных багов', 3.5, '2025-09-01'),
(49, 48, 10, 'Ретестинг major багов', 3.0, '2025-09-02'),
(50, 14, 11, 'Поиск конкурентов в поисковых системах', 2.5, '2025-06-15'),
(50, 14, 11, 'Составление первоначального списка конкурентов', 3.0, '2025-06-16'),
(51, 20, 11, 'Анализ функционала продуктов конкурентов', 4.5, '2025-06-22'),
(51, 20, 11, 'Сравнение нашего продукта с конкурентами', 4.0, '2025-06-23'),
(52, 26, 11, 'Сбор информации о ценах конкурентов', 3.5, '2025-06-29'),
(52, 26, 11, 'Анализ ценовых стратегий', 3.0, '2025-06-30'),
(53, 32, 11, 'Анализ маркетинговых активностей конкурентов', 4.0, '2025-07-06'),
(53, 32, 11, 'Изучение рекламных кампаний в соцсетях', 3.5, '2025-07-07'),
(54, 38, 11, 'Структурирование данных для отчета', 2.5, '2025-07-13'),
(54, 38, 11, 'Написание выводов и рекомендаций', 3.5, '2025-07-14'),
(55, 14, 12, 'Интервью с отделом продаж о необходимых метриках', 2.0, '2025-07-20'),
(55, 14, 12, 'Интервью с отделом маркетинга о необходимых метриках', 2.5, '2025-07-21'),
(56, 20, 12, 'Исследование инструментов для дашбордов', 3.0, '2025-07-27'),
(56, 20, 12, 'Сравнение Tableau, Power BI и Google Data Studio', 4.0, '2025-07-28'),
(57, 26, 12, 'Настройка Google Analytics для сбора данных', 3.5, '2025-08-03'),
(57, 26, 12, 'Настройка событий и целей', 3.0, '2025-08-04'),
(58, 32, 12, 'Выявление расхождений в данных', 4.0, '2025-08-10'),
(58, 32, 12, 'Исправление проблем сбора данных', 3.5, '2025-08-11'),
(59, 38, 12, 'Написание документации для 20 метрик', 4.5, '2025-08-17'),
(59, 38, 12, 'Редактура и проверка документации', 2.5, '2025-08-18'),
(60, 20, 13, 'Настройка Google Tag Manager на сайте', 2.5, '2025-08-04'),
(60, 20, 13, 'Создание тегов и триггеров', 3.0, '2025-08-05'),
(61, 26, 13, 'Анализ точек входа пользователей на сайт', 3.5, '2025-08-11'),
(61, 26, 13, 'Исследование источников трафика', 3.0, '2025-08-12'),
(62, 32, 13, 'Анализ времени, проведенного на сайте', 2.5, '2025-08-18'),
(62, 32, 13, 'Исследование глубины просмотра страниц', 3.0, '2025-08-19'),
(63, 38, 13, 'Определение критериев для сегментации пользователей', 3.5, '2025-08-25'),
(63, 38, 13, 'Создание сегментов в Google Analytics', 3.0, '2025-08-26'),
(64, 44, 13, 'Выявление проблемных мест в пользовательском опыте', 4.0, '2025-09-01'),
(64, 44, 13, 'Разработка предложений по улучшению UX', 4.5, '2025-09-02'),
(65, 19, 14, 'Исследование архитектурных паттернов для iOS', 4.0, '2025-06-15'),
(65, 19, 14, 'Сравнение MVVM, VIPER и Clean Architecture', 3.5, '2025-06-16'),
(66, 29, 14, 'Реализация экрана входа с Face ID', 5.0, '2025-06-22'),
(66, 29, 14, 'Интеграция с Keychain для безопасного хранения', 4.0, '2025-06-23'),
(67, 39, 14, 'Разработка главного экрана с лентой заказов', 6.0, '2025-06-29'),
(67, 39, 14, 'Реализация pull-to-refresh', 2.5, '2025-06-30'),
(68, 49, 14, 'Создание экрана профиля с кастомизацией', 5.5, '2025-07-06'),
(68, 49, 14, 'Интеграция с камерой и галереей для аватара', 4.0, '2025-07-07'),
(69, 56, 14, 'Настройка сетевого слоя на Alamofire', 4.0, '2025-07-13'),
(69, 56, 14, 'Реализация retry логики для запросов', 3.5, '2025-07-14'),
(70, 62, 14, 'Тестирование приложения на iPhone 13', 3.0, '2025-07-20'),
(70, 62, 14, 'Тестирование приложения на iPhone 8', 3.5, '2025-07-21'),
(71, 49, 14, 'Оптимизация производительности для старых устройств', 4.5, '2025-07-27'),
(71, 49, 14, 'Уменьшение использования памяти', 4.0, '2025-07-28'),
(72, 56, 14, 'Адаптация интерфейса для iPad', 5.0, '2025-08-03'),
(72, 56, 14, 'Тестирование на разных моделях iPad', 4.0, '2025-08-04'),
(73, 62, 14, 'Исправление крашей на iOS 14', 5.5, '2025-08-10'),
(73, 62, 14, 'Тестирование исправлений', 3.0, '2025-08-11'),
(74, 64, 14, 'Подготовка описания для App Store', 2.5, '2025-08-17'),
(74, 64, 14, 'Создание скриншотов для разных устройств', 4.0, '2025-08-18'),
(75, 29, 15, 'Сравнение React Native и Flutter', 4.0, '2025-06-15'),
(75, 29, 15, 'Анализ требований для кроссплатформенной разработки', 3.5, '2025-06-16'),
(76, 39, 15, 'Создание wireframes навигации', 4.5, '2025-06-22'),
(76, 39, 15, 'Прототипирование основных экранов', 5.0, '2025-06-23'),
(77, 49, 15, 'Настройка Redux для state management', 4.0, '2025-06-29'),
(77, 49, 15, 'Реализация бизнес-логики приложения', 6.0, '2025-06-30'),
(78, 56, 15, 'Интеграция Face ID для iOS', 3.5, '2025-07-06'),
(78, 56, 15, 'Интеграция Apple Pay', 4.5, '2025-07-07'),
(79, 62, 15, 'Интеграция Fingerprint для Android', 4.0, '2025-07-13'),
(79, 62, 15, 'Интеграция Google Pay', 4.5, '2025-07-14'),
(80, 64, 15, 'Тестирование на iOS устройствах', 5.0, '2025-07-20'),
(80, 64, 15, 'Тестирование на Android устройствах', 5.5, '2025-07-21'),
(81, 13, 16, 'Сбор требований к веб-панели управления', 3.0, '2025-07-14'),
(81, 13, 16, 'Создание пользовательских сценариев', 4.0, '2025-07-15'),
(82, 23, 16, 'Создание библиотеки UI компонентов', 6.0, '2025-07-21'),
(82, 23, 16, 'Реализация кнопок, форм и таблиц', 5.5, '2025-07-22'),
(83, 33, 16, 'Реализация CRUD операций для сущностей', 7.0, '2025-07-28'),
(83, 33, 16, 'Настройка валидации форм', 4.0, '2025-07-29'),
(84, 43, 16, 'Реализация фильтров и поиска', 5.0, '2025-08-04'),
(84, 43, 16, 'Добавление автодополнения', 3.5, '2025-08-05'),
(85, 53, 16, 'Реализация экспорта данных в Excel', 4.0, '2025-08-11'),
(85, 53, 16, 'Реализация экспорта данных в PDF', 5.0, '2025-08-12'),
(86, 43, 16, 'Настройка JWT аутентификации', 4.5, '2025-08-18'),
(86, 43, 16, 'Реализация refresh token', 3.5, '2025-08-19'),
(87, 53, 16, 'Реализация обработки сетевых ошибок', 4.0, '2025-08-25'),
(87, 53, 16, 'Создание системы уведомлений об ошибках', 3.5, '2025-08-26'),
(88, 58, 16, 'Оптимизация количества запросов к API', 4.5, '2025-09-01'),
(88, 58, 16, 'Реализация кэширования на клиенте', 4.0, '2025-09-02'),
(89, 63, 16, 'Написание unit тестов для компонентов', 5.0, '2025-09-08'),
(89, 63, 16, 'Написание unit тестов для хуков', 4.5, '2025-09-09'),
(90, 4, 17, 'Анализ текущего API', 3.5, '2025-07-10'),
(90, 4, 17, 'Определение устаревших endpoint-ов', 2.5, '2025-07-11'),
(91, 11, 17, 'Проектирование DTO для нового API', 4.0, '2025-07-17'),
(91, 11, 17, 'Настройка class-validator для валидации', 3.0, '2025-07-18'),
(92, 21, 17, 'Реализация CRUD endpoint-ов для пользователей', 5.5, '2025-07-24'),
(92, 21, 17, 'Добавление пагинации и фильтрации', 4.5, '2025-07-25'),
(93, 31, 17, 'Реализация endpoint-ов для продуктов', 6.0, '2025-07-31'),
(93, 31, 17, 'Добавление поиска по продуктам', 3.5, '2025-08-01'),
(94, 41, 17, 'Реализация endpoint-ов для заказов', 5.5, '2025-08-07'),
(94, 41, 17, 'Добавление изменения статусов заказов', 3.0, '2025-08-08'),
(95, 51, 17, 'Настройка JWT аутентификации на сервере', 4.0, '2025-08-14'),
(95, 51, 17, 'Реализация инвалидации токенов при logout', 3.5, '2025-08-15'),
(96, 56, 17, 'Создание ролевой модели с 5 ролями', 4.5, '2025-08-21'),
(96, 56, 17, 'Настройка прав доступа для разных ролей', 5.0, '2025-08-22'),
(97, 60, 17, 'Тестирование системы сброса пароля', 3.0, '2025-08-28'),
(97, 60, 17, 'Исправление уязвимости в password reset', 4.0, '2025-08-29'),
(98, 65, 17, 'Настройка Swagger для документации API', 3.5, '2025-09-04'),
(98, 65, 17, 'Добавление описаний и примеров для endpoint-ов', 4.5, '2025-09-05'),
(99, 70, 17, 'Написание unit тестов для контроллеров', 5.0, '2025-09-11'),
(99, 70, 17, 'Написание unit тестов для сервисов', 4.5, '2025-09-12'),
(100, 11, 18, 'Анализ структуры текущей БД', 4.0, '2025-08-04'),
(100, 11, 18, 'Выявление проблемных мест и узких мест', 3.5, '2025-08-05');

INSERT INTO attachments (filename, file_url, file_size, mime_type, task_id, comment_id, project_id, uploaded_by) VALUES
('api_design.pdf', 'https://storage.example.com/files/api_design_2025.pdf', 2048000, 'application/pdf', 2, NULL, 1, 3),
('clients_design.fig', 'https://storage.example.com/designs/clients_design_2025.fig', 5120000, 'application/fig', 3, NULL, 1, 5),
('payment_research.pdf', 'https://storage.example.com/research/payment_research_2025.pdf', 3072000, 'application/pdf', 11, NULL, 3, 7),
('performance_metrics.png', 'https://storage.example.com/metrics/performance_2025.png', 1536000, 'image/png', 15, NULL, 4, 13),
('load_test_results.csv', 'https://storage.example.com/tests/load_test_2025.csv', 512000, 'text/csv', 19, NULL, 4, 12),
('design_trends.pdf', 'https://storage.example.com/design/trends_2025.pdf', 4096000, 'application/pdf', 20, NULL, 5, 5),
('navigation_design.fig', 'https://storage.example.com/design/navigation_2025.fig', 4194304, 'application/fig', 21, NULL, 5, 10),
('icons.zip', 'https://storage.example.com/assets/icons_2025.zip', 10485760, 'application/zip', 24, NULL, 5, 28),
('logo_research.pdf', 'https://storage.example.com/research/logo_research_2025.pdf', 2560000, 'application/pdf', 25, NULL, 6, 5),
('color_palette.png', 'https://storage.example.com/design/colors_2025.png', 768000, 'image/png', 26, NULL, 6, 10),
('target_audience.pdf', 'https://storage.example.com/research/audience_2025.pdf', 2048000, 'application/pdf', 30, NULL, 7, 10),
('banners.zip', 'https://storage.example.com/design/banners_2025.zip', 8388608, 'application/zip', 31, NULL, 7, 16),
('presentation.pptx', 'https://storage.example.com/presentations/company_2025.pptx', 12582912, 'application/vnd.openxmlformats-officedocument.presentationml.presentation', 34, NULL, 7, 34),
('coverage_report.pdf', 'https://storage.example.com/tests/coverage_2025.pdf', 1024000, 'application/pdf', 36, NULL, 8, 18),
('security_data.xlsx', 'https://storage.example.com/security/data_2025.xlsx', 3072000, 'application/vnd.openxmlformats-officedocument.spreadsheetml.sheet', 44, NULL, 9, 42),
('test_cases.xlsx', 'https://storage.example.com/tests/cases_2025.xlsx', 2048000, 'application/vnd.openxmlformats-officedocument.spreadsheetml.sheet', 45, NULL, 10, 24),
('competitors_list.xlsx', 'https://storage.example.com/research/competitors_2025.xlsx', 1536000, 'application/vnd.openxmlformats-officedocument.spreadsheetml.sheet', 50, NULL, 11, 14),
('features_comparison.pdf', 'https://storage.example.com/research/features_2025.pdf', 3584000, 'application/pdf', 51, NULL, 11, 20),
('marketing_analysis.pdf', 'https://storage.example.com/research/marketing_2025.pdf', 4096000, 'application/pdf', 53, NULL, 11, 32),
('market_analysis_report.pdf', 'https://storage.example.com/reports/market_2025.pdf', 5120000, 'application/pdf', 54, NULL, 11, 38),
('interview_notes.pdf', 'https://storage.example.com/notes/interviews_2025.pdf', 2048000, 'application/pdf', 55, NULL, 12, 14),
('segmentation.xlsx', 'https://storage.example.com/data/segmentation_2025.xlsx', 2560000, 'application/vnd.openxmlformats-officedocument.spreadsheetml.sheet', 63, NULL, 13, 38),
('ux_issues.pdf', 'https://storage.example.com/research/ux_issues_2025.pdf', 3072000, 'application/pdf', 64, NULL, 13, 44),
('rn_vs_flutter.pdf', 'https://storage.example.com/research/rn_vs_flutter_2025.pdf', 2048000, 'application/pdf', 75, NULL, 15, 29),
('wireframes.fig', 'https://storage.example.com/design/wireframes_2025.fig', 6291456, 'application/fig', 76, NULL, 15, 39),
('requirements.pdf', 'https://storage.example.com/docs/requirements_2025.pdf', 2048000, 'application/pdf', 81, NULL, 16, 13),
('components_library.zip', 'https://storage.example.com/code/components_2025.zip', 15728640, 'application/zip', 82, NULL, 16, 23),
('unit_coverage.pdf', 'https://storage.example.com/tests/coverage_report_2025.pdf', 1024000, 'application/pdf', 89, NULL, 16, 63),
('api_analysis.pdf', 'https://storage.example.com/analysis/api_analysis_2025.pdf', 2560000, 'application/pdf', 90, NULL, 17, 4),
('db_analysis.pdf', 'https://storage.example.com/analysis/db_analysis_2025.pdf', 3072000, 'application/pdf', 100, NULL, 18, 11),
('api_design_comment.pdf', 'https://storage.example.com/comments/api_design_comment.pdf', 1024000, 'application/pdf', NULL, 4, NULL, 3),
('clients_design_comment.fig', 'https://storage.example.com/comments/clients_design_comment.fig', 3145728, 'application/fig', NULL, 6, NULL, 5),
('payment_research_comment.pdf', 'https://storage.example.com/comments/payment_research_comment.pdf', 2048000, 'application/pdf', NULL, 11, NULL, 7),
('performance_comment.png', 'https://storage.example.com/comments/performance_comment.png', 512000, 'image/png', NULL, 15, NULL, 13),
('load_test_comment.csv', 'https://storage.example.com/comments/load_test_comment.csv', 256000, 'text/csv', NULL, 19, NULL, 12),
('design_trends_comment.pdf', 'https://storage.example.com/comments/design_trends_comment.pdf', 3072000, 'application/pdf', NULL, 20, NULL, 5),
('navigation_comment.fig', 'https://storage.example.com/comments/navigation_comment.fig', 2097152, 'application/fig', NULL, 21, NULL, 10),
('icons_comment.zip', 'https://storage.example.com/comments/icons_comment.zip', 5242880, 'application/zip', NULL, 24, NULL, 28),
('logo_research_comment.pdf', 'https://storage.example.com/comments/logo_research_comment.pdf', 1536000, 'application/pdf', NULL, 25, NULL, 5),
('color_palette_comment.png', 'https://storage.example.com/comments/color_palette_comment.png', 384000, 'image/png', NULL, 26, NULL, 10),
('project_brief.pdf', 'https://storage.example.com/projects/1/brief.pdf', 4096000, 'application/pdf', NULL, NULL, 1, 2),
('technical_specification.docx', 'https://storage.example.com/projects/1/specification.docx', 3072000, 'application/vnd.openxmlformats-officedocument.wordprocessingml.document', NULL, NULL, 1, 3),
('design_guidelines.pdf', 'https://storage.example.com/projects/2/guidelines.pdf', 5120000, 'application/pdf', NULL, NULL, 2, 5),
('content_plan.xlsx', 'https://storage.example.com/projects/2/content_plan.xlsx', 2048000, 'application/vnd.openxmlformats-officedocument.spreadsheetml.sheet', NULL, NULL, 2, 2),
('stripe_integration_guide.pdf', 'https://storage.example.com/projects/3/stripe_guide.pdf', 2048000, 'application/pdf', NULL, NULL, 3, 4),
('performance_benchmarks.xlsx', 'https://storage.example.com/projects/4/benchmarks.xlsx', 1536000, 'application/vnd.openxmlformats-officedocument.spreadsheetml.sheet', NULL, NULL, 4, 13),
('mobile_app_mockups.fig', 'https://storage.example.com/projects/5/mockups.fig', 8388608, 'application/fig', NULL, NULL, 5, 5),
('brand_book.pdf', 'https://storage.example.com/projects/6/brand_book.pdf', 10485760, 'application/pdf', NULL, NULL, 6, 5),
('marketing_plan.pdf', 'https://storage.example.com/projects/7/marketing_plan.pdf', 4096000, 'application/pdf', NULL, NULL, 7, 10),
('test_plan.docx', 'https://storage.example.com/projects/8/test_plan.docx', 2560000, 'application/vnd.openxmlformats-officedocument.wordprocessingml.document', NULL, NULL, 8, 6),
('security_policy.pdf', 'https://storage.example.com/projects/9/security_policy.pdf', 3072000, 'application/pdf', NULL, NULL, 9, 18),
('regression_test_cases.xlsx', 'https://storage.example.com/projects/10/test_cases.xlsx', 2048000, 'application/vnd.openxmlformats-officedocument.spreadsheetml.sheet', NULL, NULL, 10, 24),
('market_research_data.xlsx', 'https://storage.example.com/projects/11/research_data.xlsx', 4096000, 'application/vnd.openxmlformats-officedocument.spreadsheetml.sheet', NULL, NULL, 11, 14),
('kpi_dashboard_design.fig', 'https://storage.example.com/projects/12/dashboard_design.fig', 6291456, 'application/fig', NULL, NULL, 12, 20),
('analytics_requirements.pdf', 'https://storage.example.com/projects/13/analytics_req.pdf', 2560000, 'application/pdf', NULL, NULL, 13, 20),
('ios_app_architecture.pdf', 'https://storage.example.com/projects/14/ios_architecture.pdf', 3072000, 'application/pdf', NULL, NULL, 14, 19),
('android_app_architecture.pdf', 'https://storage.example.com/projects/15/android_architecture.pdf', 3072000, 'application/pdf', NULL, NULL, 15, 19),
('cross_platform_research.pdf', 'https://storage.example.com/projects/16/cross_platform_research.pdf', 2048000, 'application/pdf', NULL, NULL, 16, 29),
('web_panel_requirements.docx', 'https://storage.example.com/projects/17/web_panel_req.docx', 2048000, 'application/vnd.openxmlformats-officedocument.wordprocessingml.document', NULL, NULL, 17, 13),
('api_specification.yaml', 'https://storage.example.com/projects/18/api_spec.yaml', 1024000, 'application/x-yaml', NULL, NULL, 18, 4),
('migration_plan.pdf', 'https://storage.example.com/projects/19/migration_plan.pdf', 2048000, 'application/pdf', NULL, NULL, 19, 11),
('devops_requirements.docx', 'https://storage.example.com/projects/20/devops_req.docx', 1536000, 'application/vnd.openxmlformats-officedocument.wordprocessingml.document', NULL, NULL, 20, 15),
('marketing_strategy.pdf', 'https://storage.example.com/projects/21/marketing_strategy.pdf', 4096000, 'application/pdf', NULL, NULL, 11, 20),
('seo_plan.xlsx', 'https://storage.example.com/projects/22/seo_plan.xlsx', 2048000, 'application/vnd.openxmlformats-officedocument.spreadsheetml.sheet', NULL, NULL, 12, 30),
('knowledge_base_structure.docx', 'https://storage.example.com/projects/23/kb_structure.docx', 1024000, 'application/vnd.openxmlformats-officedocument.wordprocessingml.document', NULL, NULL, 13, 25),
('chat_system_requirements.pdf', 'https://storage.example.com/projects/24/chat_req.pdf', 2048000, 'application/pdf', NULL, NULL, 14, 35),
('api_gateway_design.pdf', 'https://storage.example.com/projects/25/api_gateway_design.pdf', 2560000, 'application/pdf', NULL, NULL, 15, 4),
('monitoring_system_plan.pdf', 'https://storage.example.com/projects/26/monitoring_plan.pdf', 2048000, 'application/pdf', NULL, NULL, 16, 15),
('realtime_analytics_architecture.pdf', 'https://storage.example.com/projects/27/analytics_architecture.pdf', 3072000, 'application/pdf', NULL, NULL, 17, 7),
('mobile_notifications_spec.docx', 'https://storage.example.com/projects/28/notifications_spec.docx', 1536000, 'application/vnd.openxmlformats-officedocument.wordprocessingml.document', NULL, NULL, 18, 9),
('landing_redesign_concept.pdf', 'https://storage.example.com/projects/29/landing_concept.pdf', 4096000, 'application/pdf', NULL, NULL, 19, 5),
('messenger_integration_plan.pdf', 'https://storage.example.com/projects/30/messenger_plan.pdf', 2048000, 'application/pdf', NULL, NULL, 20, 3),
('booking_system_requirements.pdf', 'https://storage.example.com/projects/31/booking_req.pdf', 3072000, 'application/pdf', NULL, NULL, 11, 2),
('reporting_module_spec.docx', 'https://storage.example.com/projects/32/reporting_spec.docx', 2048000, 'application/vnd.openxmlformats-officedocument.wordprocessingml.document', NULL, NULL, 12, 4),
('auth_system_upgrade_plan.pdf', 'https://storage.example.com/projects/33/auth_upgrade_plan.pdf', 2048000, 'application/pdf', NULL, NULL, 3, 4),
('image_optimization_guide.pdf', 'https://storage.example.com/projects/34/image_optimization.pdf', 1536000, 'application/pdf', NULL, NULL, 4, 3),
('mobile_payments_research.pdf', 'https://storage.example.com/projects/35/mobile_payments_research.pdf', 2560000, 'application/pdf', NULL, NULL, 5, 19),
('recommendation_system_concept.pdf', 'https://storage.example.com/projects/36/recommendation_concept.pdf', 3072000, 'application/pdf', NULL, NULL, 6, 14),
('manager_dashboard_design.fig', 'https://storage.example.com/projects/37/manager_dashboard.fig', 5242880, 'application/fig', NULL, NULL, 7, 13),
('document_automation_plan.pdf', 'https://storage.example.com/projects/38/document_automation.pdf', 2048000, 'application/pdf', NULL, NULL, 8, 2),
('email_marketing_system_spec.docx', 'https://storage.example.com/projects/39/email_marketing_spec.docx', 2048000, 'application/vnd.openxmlformats-officedocument.wordprocessingml.document', NULL, NULL, 9, 20),
('gamification_concept.pdf', 'https://storage.example.com/projects/40/gamification_concept.pdf', 3072000, 'application/pdf', NULL, NULL, 10, 5),
('geolocation_module_requirements.pdf', 'https://storage.example.com/projects/41/geolocation_req.pdf', 2048000, 'application/pdf', NULL, NULL, 11, 9),
('faq_redesign_plan.pdf', 'https://storage.example.com/projects/42/faq_redesign.pdf', 1536000, 'application/pdf', NULL, NULL, 12, 25),
('ticket_system_requirements.docx', 'https://storage.example.com/projects/43/ticket_system_req.docx', 2048000, 'application/vnd.openxmlformats-officedocument.wordprocessingml.document', NULL, NULL, 13, 35),
('api_performance_test_plan.pdf', 'https://storage.example.com/projects/44/api_performance_test.pdf', 2048000, 'application/pdf', NULL, NULL, 4, 6),
('component_library_guide.pdf', 'https://storage.example.com/projects/45/component_library_guide.pdf', 2560000, 'application/pdf', NULL, NULL, 5, 10),
('framework_migration_strategy.pdf', 'https://storage.example.com/projects/46/framework_migration.pdf', 3072000, 'application/pdf', NULL, NULL, 6, 13),
('caching_system_design.pdf', 'https://storage.example.com/projects/47/caching_design.pdf', 2048000, 'application/pdf', NULL, NULL, 7, 11),
('admin_panel_redesign_concept.fig', 'https://storage.example.com/projects/48/admin_panel_redesign.fig', 6291456, 'application/fig', NULL, NULL, 8, 3),
('import_export_module_spec.docx', 'https://storage.example.com/projects/49/import_export_spec.docx', 2048000, 'application/vnd.openxmlformats-officedocument.wordprocessingml.document', NULL, NULL, 9, 4),
('notification_system_architecture.pdf', 'https://storage.example.com/projects/50/notification_architecture.pdf', 2560000, 'application/pdf', NULL, NULL, 10, 3);

INSERT INTO progress_reports (project_id, author_id, period_start, period_end, content, blockers, next_week_plan) VALUES

(10, 25, '2025-07-01', '2025-07-07', 'Начало проекта. Собраны требования к базе знаний.', 'Недостаточно экспертов для создания контента', 'Сформировать команду авторов, начать создание структуры'),
(10, 35, '2025-07-08', '2025-07-14', 'Структура базы знаний создана. Начато написание статей.', 'Сложности с форматом статей (текст/видео)', 'Завершить 10 статей, начать тестирование поиска'),
(11, 35, '2025-06-10', '2025-06-16', 'Старт проекта. Выбор платформы для чата поддержки.', 'Сравнение нескольких платформ занимает время', 'Определиться с платформой, начать интеграцию'),
(11, 25, '2025-06-17', '2025-06-23', 'Выбрана платформа Intercom. Начата интеграция.', 'Проблемы с API интеграцией', 'Завершить интеграцию, начать тестирование'),
(12, 4, '2025-10-01', '2025-10-07', 'Начало проекта. Анализ текущего API Gateway.', 'Сложная архитектура текущего решения', 'Составить план миграции, начать проектирование'),
(12, 11, '2025-10-08', '2025-10-14', 'План миграции готов. Начато проектирование нового Gateway.', 'Требуется согласование с несколькими командами', 'Завершить проектирование, начать разработку'),
(13, 15, '2025-08-10', '2025-08-16', 'Старт проекта. Выбор инструментов мониторинга.', 'Сравнение Prometheus vs Datadog vs New Relic', 'Определиться с инструментами, начать настройку'),
(13, 25, '2025-08-17', '2025-08-23', 'Выбраны Prometheus + Grafana. Начата настройка.', 'Проблемы с настройкой сбора метрик с контейнеров', 'Завершить настройку, начать создание дашбордов'),
(14, 7, '2025-07-28', '2025-08-03', 'Начало проекта. Определение требований к аналитике.', 'Разные отделы хотят разные метрики', 'Унифицировать требования, выбрать технологии'),
(14, 20, '2025-08-04', '2025-08-10', 'Требования согласованы. Выбраны Kafka + Spark Streaming.', 'Сложность настройки распределенной системы', 'Начать настройку инфраструктуры'),
(15, 9, '2025-08-15', '2025-08-21', 'Старт проекта. Исследование платформ push-уведомлений.', 'Ограничения по количеству уведомлений в iOS', 'Выбрать платформу, начать интеграцию'),
(15, 19, '2025-08-22', '2025-08-28', 'Выбрана платформа Firebase. Начата интеграция.', 'Проблемы с сертификатами для iOS', 'Решить проблемы с сертификатами, продолжить интеграцию'),
(16, 5, '2025-09-01', '2025-09-07', 'Начало проекта. Анализ текущего лендинга.', 'Старый код сложно модифицировать', 'Создать концепцию нового дизайна'),
(16, 10, '2025-09-08', '2025-09-14', 'Концепция дизайна готова. Начата разработка макетов.', 'Клиент хочет много изменений в процессе', 'Завершить макеты, начать верстку'),
(17, 3, '2025-10-15', '2025-10-21', 'Старт проекта. Исследование API мессенджеров.', 'У Telegram и WhatsApp разные подходы к API', 'Определиться с приоритетом интеграций'),
(17, 8, '2025-10-22', '2025-10-28', 'Решено начать с Telegram. Начата интеграция.', 'Ограничения Bot API Telegram', 'Завершить интеграцию с Telegram, начать WhatsApp'),
(18, 2, '2025-07-01', '2025-07-07', 'Начало проекта. Сбор требований к системе бронирования.', 'Сложные бизнес-правила бронирования', 'Создать UML диаграммы процессов'),
(18, 4, '2025-07-08', '2025-07-14', 'Процессы описаны. Начато проектирование БД.', 'Требуется интеграция с календарями', 'Завершить проектирование БД, начать разработку API'),
(19, 4, '2025-08-01', '2025-08-07', 'Старт проекта. Определение видов отчетов.', 'Каждый отдел хочет свои форматы отчетов', 'Унифицировать форматы, выбрать инструменты'),
(19, 11, '2025-08-08', '2025-08-14', 'Форматы согласованы. Выбран JasperReports.', 'Сложность настройки JasperReports Server', 'Начать настройку сервера отчетов'),
(20, 4, '2025-08-10', '2025-08-16', 'Начало проекта. Анализ текущей системы аутентификации.', 'Старый код не поддерживает OAuth 2.0', 'Создать план миграции на новую систему'),
(20, 21, '2025-08-17', '2025-08-23', 'План готов. Начата разработка нового модуля аутентификации.', 'Проблемы с обратной совместимостью', 'Решить проблемы совместимости, продолжить разработку'),
(11, 3, '2025-09-01', '2025-09-07', 'Старт проекта. Анализ текущих изображений на сайте.', 'Большой объем изображений (более 10 000)', 'Создать план оптимизации, выбрать инструменты'),
(11, 13, '2025-09-08', '2025-09-14', 'План готов. Начата оптимизация существующих изображений.', 'Автоматизация процесса требует времени', 'Завершить оптимизацию старых изображений, внедрить автоматизацию'),
(12, 19, '2025-11-01', '2025-11-07', 'Начало проекта. Исследование Apple Pay и Google Pay.', 'Требования App Store и Google Play разные', 'Создать единый интерфейс для обеих платформ'),
(12, 29, '2025-11-08', '2025-11-14', 'Архитектура определена. Начата разработка.', 'Сложности с тестированием в sandbox', 'Настроить тестовое окружение, продолжить разработку'),
(13, 14, '2025-10-01', '2025-10-07', 'Старт проекта. Сбор данных для обучения модели.', 'Недостаточно данных для качественных рекомендаций', 'Настроить сбор дополнительных данных'),
(13, 20, '2025-10-08', '2025-10-14', 'Сбор данных налажен. Начато проектирование модели.', 'Выбор алгоритма рекомендаций (collaborative vs content-based)', 'Определиться с алгоритмом, начать разработку'),
(14, 13, '2025-08-15', '2025-08-21', 'Начало проекта. Интервью с менеджерами о потребностях.', 'Разные менеджеры хотят разные данные', 'Унифицировать требования, создать прототип'),
(14, 23, '2025-08-22', '2025-08-28', 'Прототип готов. Начата разработка дашборда.', 'Интеграция с разными источниками данных', 'Завершить интеграцию, начать тестирование'),
(15, 2, '2025-11-01', '2025-11-07', 'Старт проекта. Анализ текущего документооборота.', 'Бумажные процессы не оцифрованы', 'Создать цифровую модель процессов'),
(15, 4, '2025-11-08', '2025-11-14', 'Модель процессов готова. Выбрана платформа DocuSign.', 'Интеграция с существующими системами', 'Начать интеграцию, разработать API'),
(16, 20, '2025-09-10', '2025-09-16', 'Начало проекта. Анализ текущей системы email рассылок.', 'Низкие показатели открытия и кликов', 'Исследовать причины, выбрать новую платформу'),
(16, 30, '2025-09-17', '2025-09-23', 'Выбрана платформа Mailchimp. Начата миграция.', 'Миграция данных со старой платформы', 'Завершить миграцию, настроить автоматизацию'),
(17, 5, '2025-10-15', '2025-10-21', 'Старт проекта. Исследование механик геймификации.', 'Сложность интеграции с существующей системой', 'Определить механики, спроектировать архитектуру'),
(17, 10, '2025-10-22', '2025-10-28', 'Архитектура спроектирована. Начата разработка.', 'Балансировка наград и достижений', 'Завершить ядро системы, начать интеграцию'),
(18, 9, '2025-09-01', '2025-09-07', 'Начало проекта. Выбор картографического сервиса.', 'Сравнение Google Maps, Mapbox, Яндекс.Карт', 'Определиться с провайдером, настроить API'),
(18, 19, '2025-09-08', '2025-09-14', 'Выбран Mapbox. Начата интеграция.', 'Ограничения бесплатного тарифа', 'Настроить кэширование карт, продолжить интеграцию'),
(19, 25, '2025-08-20', '2025-08-26', 'Старт проекта. Анализ текущего раздела FAQ.', 'Устаревшая информация, непонятная структура', 'Переработать структуру, обновить контент'),
(19, 35, '2025-08-27', '2025-09-02', 'Новая структура готова. Начато обновление контента.', 'Нехватка экспертов для ответов на технические вопросы', 'Привлечь экспертов, ускорить наполнение'),
(20, 35, '2025-09-01', '2025-09-07', 'Начало проекта. Выбор системы тикетов.', 'Сравнение Jira Service Desk, Zendesk, Freshdesk', 'Определиться с системой, начать настройку'),
(20, 45, '2025-09-08', '2025-09-14', 'Выбрана Jira Service Desk. Начата настройка.', 'Сложная настройка workflow', 'Завершить настройку workflow, начать миграцию данных'),
(1, 6, '2025-08-25', '2025-08-31', 'Старт проекта. Подготовка инструментов для нагрузочного тестирования.', 'Отсутствие тестового стенда, близкого к продакшену', 'Настроить тестовый стенд, разработать сценарии тестирования'),
(1, 12, '2025-09-01', '2025-09-07', 'Тестовый стенд готов. Начато написание сценариев нагрузочного тестирования.', 'Сложности с генерацией реалистичных данных', 'Завершить сценарии, провести первое тестирование'),
(2, 10, '2025-09-05', '2025-09-11', 'Начало проекта. Аудит существующих UI компонентов.', 'Много устаревших компонентов с плохой поддержкой', 'Составить план обновления, определить приоритеты'),
(2, 16, '2025-09-12', '2025-09-18', 'План обновления готов. Начата разработка новых компонентов.', 'Необходимость обратной совместимости замедляет разработку', 'Завершить первую партию компонентов, начать тестирование'),
(3, 13, '2025-11-01', '2025-11-07', 'Старт проекта. Оценка объема работ по миграции.', 'Большая кодовая база, требующая рефакторинга', 'Создать детальный план миграции, начать обучение команды'),
(3, 23, '2025-11-08', '2025-11-14', 'План миграции утвержден. Начата миграция некритичных модулей.', 'Несовместимость некоторых библиотек с новым фреймворком', 'Решить проблемы совместимости, продолжить миграцию'),
(4, 11, '2025-08-01', '2025-08-07', 'Начало проекта. Анализ текущей системы кэширования.', 'Фрагментированная система кэширования (разные решения в разных модулях)', 'Разработать единую архитектуру кэширования'),
(4, 21, '2025-08-08', '2025-08-14', 'Архитектура утверждена. Начато внедрение Redis.', 'Проблемы с кластеризацией Redis в production', 'Настроить Redis кластер, начать миграцию данных'),
(5, 3, '2025-09-10', '2025-09-16', 'Старт проекта. Сбор требований к новой админке.', 'Много legacy функционала, который нужно сохранить', 'Создать прототип нового интерфейса'),
(5, 13, '2025-09-17', '2025-09-23', 'Прототип готов. Начата разработка нового интерфейса.', 'Сложности с интеграцией старого и нового кода', 'Завершить основные модули, начать тестирование'),
(6, 4, '2025-08-15', '2025-08-21', 'Начало проекта. Анализ форматов данных для импорта/экспорта.', 'Поддержка множества форматов (CSV, Excel, XML, JSON)', 'Определить приоритетные форматы, спроектировать архитектуру'),
(6, 11, '2025-08-22', '2025-08-28', 'Архитектура готова. Начата разработка модуля импорта.', 'Проблемы с валидацией больших объемов данных', 'Реализовать валидацию, начать разработку экспорта'),
(7, 3, '2025-07-20', '2025-07-26', 'Старт проекта. Определение типов уведомлений и каналов доставки.', 'Необходимость поддержки push, email, SMS, мессенджеров', 'Спроектировать унифицированную систему уведомлений'),
(7, 8, '2025-07-27', '2025-08-02', 'Архитектура системы уведомлений готова. Начата разработка.', 'Интеграция с разными провайдерами (APNs, FCM, SendGrid, Twilio)', 'Завершить интеграцию с основными провайдерами'),
(8, 20, '2025-09-01', '2025-09-07', 'Начало проекта. Настройка инструментов аналитики поведения.', 'Сложности с отслеживанием пользовательских действий в SPA', 'Настроить Google Analytics, Яндекс.Метрику и Hotjar'),
(8, 26, '2025-09-08', '2025-09-14', 'Инструменты настроены. Начат сбор данных о поведении пользователей.', 'Большой объем сырых данных, требующих обработки', 'Настроить пайплайн обработки данных, начать анализ'),
(9, 2, '2025-10-20', '2025-10-26', 'Старт проекта. Анализ текущей системы поиска.', 'Низкая релевантность результатов, медленная скорость', 'Исследовать современные решения поиска (Elasticsearch, Algolia)'),
(9, 3, '2025-10-27', '2025-11-02', 'Выбран Elasticsearch. Начата настройка поискового кластера.', 'Сложность настройки репликации и шардирования', 'Завершить настройку кластера, начать индексацию данных'),
(10, 4, '2025-08-10', '2025-08-16', 'Старт проекта. Определение функциональных требований к календарю.', 'Интеграция с Google Calendar, Outlook, Apple Calendar', 'Спроектировать архитектуру модуля календаря'),
(10, 11, '2025-08-17', '2025-08-23', 'Архитектура готова. Начата разработка базового функционала календаря.', 'Сложности с обработкой повторяющихся событий', 'Реализовать базовые функции, начать интеграцию с внешними календарями');
